Workbook

Sheet ALL ITEM CODE
A1: Column2 | B1: Column1 | C1: LENGTH FOAM | D1: WEIGHT | E1: WIDTH FOAM | F1: WEIGHT2 | G1: TOP FOAM1 & REBOUND1 | H1: WEIGHT3 | I1: TOP FOAM2 & REBOUND2 | J1: WEIGHT4 | M1: VARIETY | N1: SAMPLES
A2: GP06 | B2: RTUPGPBW72X30X06 | C2: 40D-PU-FOAM-71.50x115MMx40MM | D2: 0.334 | E2: 40D-PU-FOAM-26.50x115MMx40MM | F2: 0.124 | G2: 18D-PU-FOAM-71.50X29.50X09MM | H2: 0.22 | M2: SKSGSR | N2: SPG
A3: GP06 | B3: RTUPGPBW72X36X06 | C3: 40D-PU-FOAM-71.50x115MMx40MM | D3: 0.334 | E3: 40D-PU-FOAM-32.50X115MMX40MM | F3: 0.152 | G3: 18D-PU-FOAM-71.50X35.50X09MM | H3: 0.265 | M3: RTUPGPBW | N3: GP
A4: GP06 | B4: RTUPGPBW72X42X06 | C4: 40D-PU-FOAM-71.50x115MMx40MM | D4: 0.334 | E4: 40D-PU-FOAM-38.50X115MMX40MM | F4: 0.18 | G4: 18D-PU-FOAM-71.50X41.50X09MM | H4: 0.31 | M4: RTUPGPGR | N4: GP
A5: GP06 | B5: RTUPGPBW72X48X06 | C5: 40D-PU-FOAM-71.50x115MMx40MM | D5: 0.334 | E5: 40D-PU-FOAM-44.50X115MMX40MM | F5: 0.208 | G5: 18D-PU-FOAM-71.50X47.50X09MM | H5: 0.355 | M5: RTGPCSBG | N5: CRYSTAL
A6: GP06 | B6: RTUPGPBW72X60X06 | C6: 40D-PU-FOAM-71.50x115MMx40MM | D6: 0.334 | E6: 40D-PU-FOAM-56.50X115MMX40MM | F6: 0.264 | G6: 18D-PU-FOAM-71.50X59.50X09MM | H6: 0.445 | M6: RTGPCSPW | N6: CRYSTAL
A7: GP06 | B7: RTUPGPBW72X66X06 | C7: 40D-PU-FOAM-71.50x115MMx40MM | D7: 0.334 | E7: 40D-PU-FOAM-62.50X115MMX40MM | F7: 0.292 | G7: 18D-PU-FOAM-71.50X65.50X09MM | H7: 0.489 | M7: PEPSPKORGBW | N7: ORG
A8: GP06 | B8: RTUPGPBW72X72X06 | C8: 40D-PU-FOAM-71.50x115MMx40MM | D8: 0.334 | E8: 40D-PU-FOAM-68.50X115MMX40MM | F8: 0.32 | G8: 18D-PU-FOAM-71.50X71.50X09MM | H8: 0.534 | M8: RTVHETPT | N8: VIVAH
A9: GP06 | B9: RTUPGPBW75X30X06 | C9: 40D-PU-FOAM-74.50x115MMx40MM | D9: 0.348 | E9: 40D-PU-FOAM-26.50x115MMx40MM | F9: 0.124 | G9: 18D-PU-FOAM-74.50X29.50X09MM | H9: 0.23 | M9: RTPKCMSTCS | N9: CAMEO
A10: GP06 | B10: RTUPGPBW75X36X06 | C10: 40D-PU-FOAM-74.50x115MMx40MM | D10: 0.348 | E10: 40D-PU-FOAM-32.50X115MMX40MM | F10: 0.152 | G10: 18D-PU-FOAM-74.50X35.50X09MM | H10: 0.276 | M10: RTPKCMULTSTCS | N10: CAMEO
A11: GP06 | B11: RTUPGPBW75X42X06 | C11: 40D-PU-FOAM-74.50x115MMx40MM | D11: 0.348 | E11: 40D-PU-FOAM-38.50X115MMX40MM | F11: 0.18 | G11: 18D-PU-FOAM-74.50X41.50X09MM | H11: 0.323 | M11: HYPALRPKNLBLOR | N11: ALU
A12: GP06 | B12: RTUPGPBW75X48X06 | C12: 40D-PU-FOAM-74.50x115MMx40MM | D12: 0.348 | E12: 40D-PU-FOAM-44.50X115MMX40MM | F12: 0.208 | G12: 18D-PU-FOAM-74.50X47.50X09MM | H12: 0.37 | M12: HYPALRPKNLSTGR | N12: ALU
A13: GP06 | B13: RTUPGPBW75X60X06 | C13: 40D-PU-FOAM-74.50x115MMx40MM | D13: 0.348 | E13: 40D-PU-FOAM-56.50X115MMX40MM | F13: 0.264 | G13: 18D-PU-FOAM-74.50X59.50X09MM | H13: 0.463
A14: GP06 | B14: RTUPGPBW75X66X06 | C14: 40D-PU-FOAM-74.50x115MMx40MM | D14: 0.348 | E14: 40D-PU-FOAM-62.50X115MMX40MM | F14: 0.292 | G14: 18D-PU-FOAM-74.50X65.50X09MM | H14: 0.51
A15: GP06 | B15: RTUPGPBW75X72X06 | C15: 40D-PU-FOAM-74.50x115MMx40MM | D15: 0.348 | E15: 40D-PU-FOAM-68.50X115MMX40MM | F15: 0.32 | G15: 18D-PU-FOAM-74.50X71.50X09MM | H15: 0.557
A16: GP06 | B16: RTUPGPBW78X30X06 | C16: 40D-PU-FOAM-77.50x115MMx40MM | D16: 0.362 | E16: 40D-PU-FOAM-26.50x115MMx40MM | F16: 0.124 | G16: 18D-PU-FOAM-77.50X29.50X09MM | H16: 0.239
A17: GP06 | B17: RTUPGPBW78X36X06 | C17: 40D-PU-FOAM-77.50x115MMx40MM | D17: 0.362 | E17: 40D-PU-FOAM-32.50X115MMX40MM | F17: 0.152 | G17: 18D-PU-FOAM-77.50X35.50X09MM | H17: 0.288
A18: GP06 | B18: RTUPGPBW78X42X06 | C18: 40D-PU-FOAM-77.50x115MMx40MM | D18: 0.362 | E18: 40D-PU-FOAM-38.50X115MMX40MM | F18: 0.18 | G18: 18D-PU-FOAM-77.50X41.50X09MM | H18: 0.336
A19: GP06 | B19: RTUPGPBW78X48X06 | C19: 40D-PU-FOAM-77.50x115MMx40MM | D19: 0.362 | E19: 40D-PU-FOAM-44.50X115MMX40MM | F19: 0.208 | G19: 18D-PU-FOAM-77.50X47.50X09MM | H19: 0.385
A20: GP06 | B20: RTUPGPBW78X60X06 | C20: 40D-PU-FOAM-77.50x115MMx40MM | D20: 0.362 | E20: 40D-PU-FOAM-56.50X115MMX40MM | F20: 0.264 | G20: 18D-PU-FOAM-77.50X59.50X09MM | H20: 0.482
A21: GP06 | B21: RTUPGPBW78X66X06 | C21: 40D-PU-FOAM-77.50x115MMx40MM | D21: 0.362 | E21: 40D-PU-FOAM-62.50X115MMX40MM | F21: 0.292 | G21: 18D-PU-FOAM-77.50X65.50X09MM | H21: 0.531
A22: GP06 | B22: RTUPGPBW78X72X06 | C22: 40D-PU-FOAM-77.50x115MMx40MM | D22: 0.362 | E22: 40D-PU-FOAM-68.50X115MMX40MM | F22: 0.32 | G22: 18D-PU-FOAM-77.50X71.50X09MM | H22: 0.579
A23: GP06 | B23: RTUPGPBW80X30X06 | C23: 40D-PU-FOAM-79.50x115MMx40MM | D23: 0.372 | E23: 40D-PU-FOAM-26.50x115MMx40MM | F23: 0.124 | G23: 18D-PU-FOAM-79.50X29.50X09MM | H23: 0.245
A24: GP06 | B24: RTUPGPBW80X36X06 | C24: 40D-PU-FOAM-79.50x115MMx40MM | D24: 0.372 | E24: 40D-PU-FOAM-32.50X115MMX40MM | F24: 0.152 | G24: 18D-PU-FOAM-79.50X35.50X09MM | H24: 0.295
... A37: GP06 | B37: RTUPGPBW20X18X06 | C37: 40D-PU-FOAM-19.50x115MMx40MM | D37: 0.091 | E37: 40D-PU-FOAM-14.50X115MMX40MM | F37: 0.068 | G37: 18D-PU-FOAM-19.50X17.50X09MM | H37: 0.036
A38: GP06 | B38: RTUPGPBW13X13X06 | C38: 40D-PU-FOAM-12.50x115MMx40MM | E38: 40D-PU-FOAM-09.50X115MMX40MM | G38: 18D-PU-FOAM-12.50X12.50X09MM | H38: 0.016
A39: GP08 | B39: RTUPGPBW72X30X08 | C39: 40D-PU-FOAM-71.50x145MMx40MM | D39: 0.421 | E39: 40D-PU-FOAM-26.50x145MMx40MM | F39: 0.156 | G39: 18D-PU-FOAM-71.50X29.50X09MM | H39: 0.22
A40: GP08 | B40: RTUPGPBW72X36X08 | C40: 40D-PU-FOAM-71.50x145MMx40MM | D40: 0.421 | E40: 40D-PU-FOAM-32.50X145MMX40MM | F40: 0.192 | G40: 18D-PU-FOAM-71.50X35.50X09MM | H40: 0.265
A41: GP08 | B41: RTUPGPBW72X42X08 | C41: 40D-PU-FOAM-71.50x145MMx40MM | D41: 0.421 | E41: 40D-PU-FOAM-38.50X145MMX40MM | F41: 0.227 | G41: 18D-PU-FOAM-71.50X41.50X09MM | H41: 0.31
A42: GP08 | B42: RTUPGPBW72X48X08 | C42: 40D-PU-FOAM-71.50x145MMx40MM | D42: 0.421 | E42: 40D-PU-FOAM-44.50X145MMX40MM | F42: 0.262 | G42: 18D-PU-FOAM-71.50X47.50X09MM | H42: 0.355
A43: GP08 | B43: RTUPGPBW72X60X08 | C43: 40D-PU-FOAM-71.50x145MMx40MM | D43: 0.421 | E43: 40D-PU-FOAM-56.50X145MMX40MM | F43: 0.333 | G43: 18D-PU-FOAM-71.50X59.50X09MM | H43: 0.445
A44: GP08 | B44: RTUPGPBW72X66X08 | C44: 40D-PU-FOAM-71.50x145MMx40MM | D44: 0.421 | E44: 40D-PU-FOAM-62.50X145MMX40MM | F44: 0.368 | G44: 18D-PU-FOAM-71.50X65.50X09MM | H44: 0.489
A45: GP08 | B45: RTUPGPBW72X72X08 | C45: 40D-PU-FOAM-71.50x145MMx40MM | D45: 0.421 | E45: 40D-PU-FOAM-68.50X145MMX40MM | F45: 0.404 | G45: 18D-PU-FOAM-71.50X71.50X09MM | H45: 0.534
A46: GP08 | B46: RTUPGPBW75X30X08 | C46: 40D-PU-FOAM-74.50x145MMx40MM | D46: 0.439 | E46: 40D-PU-FOAM-26.50x145MMx40MM | F46: 0.156 | G46: 18D-PU-FOAM-74.50X29.50X09MM | H46: 0.23
A47: GP08 | B47: RTUPGPBW75X36X08 | C47: 40D-PU-FOAM-74.50x145MMx40MM | D47: 0.439 | E47: 40D-PU-FOAM-32.50X145MMX40MM | F47: 0.192 | G47: 18D-PU-FOAM-74.50X35.50X09MM | H47: 0.276
A48: GP08 | B48: RTUPGPBW75X42X08 | C48: 40D-PU-FOAM-74.50x145MMx40MM | D48: 0.439 | E48: 40D-PU-FOAM-38.50X145MMX40MM | F48: 0.227 | G48: 18D-PU-FOAM-74.50X41.50X09MM | H48: 0.323
A49: GP08 | B49: RTUPGPBW75X48X08 | C49: 40D-PU-FOAM-74.50x145MMx40MM | D49: 0.439 | E49: 40D-PU-FOAM-44.50X145MMX40MM | F49: 0.262 | G49: 18D-PU-FOAM-74.50X47.50X09MM | H49: 0.37
A50: GP08 | B50: RTUPGPBW75X60X08 | C50: 40D-PU-FOAM-74.50x145MMx40MM | D50: 0.439 | E50: 40D-PU-FOAM-56.50X145MMX40MM | F50: 0.333 | G50: 18D-PU-FOAM-74.50X59.50X09MM | H50: 0.463
... A148: GP06 | B148: RTUPGPGR20X18X06 | C148: 40D-PU-FOAM-19.50x115MMx40MM | D148: 0.091 | E148: 40D-PU-FOAM-14.50X115MMX40MM | F148: 0.068 | G148: 18D-PU-FOAM-19.50X17.50X09MM | H148: 0.036
A149: GP06 | B149: RTUPGPGR13X13X06 | C149: 40D-PU-FOAM-12.50x115MMx40MM | E149: 40D-PU-FOAM-09.50X115MMX40MM | G149: 18D-PU-FOAM-12.50X12.50X09MM | H149: 0.016
A150: GP08 | B150: RTUPGPGR72X30X08 | C150: 40D-PU-FOAM-71.50x145MMx40MM | D150: 0.421 | E150: 40D-PU-FOAM-26.50x145MMx40MM | F150: 0.156 | G150: 18D-PU-FOAM-71.50X29.50X09MM | H150: 0.22
A151: GP08 | B151: RTUPGPGR72X36X08 | C151: 40D-PU-FOAM-71.50x145MMx40MM | D151: 0.421 | E151: 40D-PU-FOAM-32.50X145MMX40MM | F151: 0.192 | G151: 18D-PU-FOAM-71.50X35.50X09MM | H151: 0.265
A152: GP08 | B152: RTUPGPGR72X42X08 | C152: 40D-PU-FOAM-71.50x145MMx40MM | D152: 0.421 | E152: 40D-PU-FOAM-38.50X145MMX40MM | F152: 0.227 | G152: 18D-PU-FOAM-71.50X41.50X09MM | H152: 0.31
A153: GP08 | B153: RTUPGPGR72X48X08 | C153: 40D-PU-FOAM-71.50x145MMx40MM | D153: 0.421 | E153: 40D-PU-FOAM-44.50X145MMX40MM | F153: 0.262 | G153: 18D-PU-FOAM-71.50X47.50X09MM | H153: 0.355
A154: GP08 | B154: RTUPGPGR72X60X08 | C154: 40D-PU-FOAM-71.50x145MMx40MM | D154: 0.421 | E154: 40D-PU-FOAM-56.50X145MMX40MM | F154: 0.333 | G154: 18D-PU-FOAM-71.50X59.50X09MM | H154: 0.445
A155: GP08 | B155: RTUPGPGR72X66X08 | C155: 40D-PU-FOAM-71.50x145MMx40MM | D155: 0.421 | E155: 40D-PU-FOAM-62.50X145MMX40MM | F155: 0.368 | G155: 18D-PU-FOAM-71.50X65.50X09MM | H155: 0.489
A156: GP08 | B156: RTUPGPGR72X72X08 | C156: 40D-PU-FOAM-71.50x145MMx40MM | D156: 0.421 | E156: 40D-PU-FOAM-68.50X145MMX40MM | F156: 0.404 | G156: 18D-PU-FOAM-71.50X71.50X09MM | H156: 0.534
A157: GP08 | B157: RTUPGPGR75X30X08 | C157: 40D-PU-FOAM-74.50x145MMx40MM | D157: 0.439 | E157: 40D-PU-FOAM-26.50x145MMx40MM | F157: 0.156 | G157: 18D-PU-FOAM-74.50X29.50X09MM | H157: 0.23
A158: GP08 | B158: RTUPGPGR75X36X08 | C158: 40D-PU-FOAM-74.50x145MMx40MM | D158: 0.439 | E158: 40D-PU-FOAM-32.50X145MMX40MM | F158: 0.192 | G158: 18D-PU-FOAM-74.50X35.50X09MM | H158: 0.276
A159: GP08 | B159: RTUPGPGR75X42X08 | C159: 40D-PU-FOAM-74.50x145MMx40MM | D159: 0.439 | E159: 40D-PU-FOAM-38.50X145MMX40MM | F159: 0.227 | G159: 18D-PU-FOAM-74.50X41.50X09MM | H159: 0.323
A160: GP08 | B160: RTUPGPGR75X48X08 | C160: 40D-PU-FOAM-74.50x145MMx40MM | D160: 0.439 | E160: 40D-PU-FOAM-44.50X145MMX40MM | F160: 0.262 | G160: 18D-PU-FOAM-74.50X47.50X09MM | H160: 0.37
A161: GP08 | B161: RTUPGPGR75X60X08 | C161: 40D-PU-FOAM-74.50x145MMx40MM | D161: 0.439 | E161: 40D-PU-FOAM-56.50X145MMX40MM | F161: 0.333 | G161: 18D-PU-FOAM-74.50X59.50X09MM | H161: 0.463
... A406: VIVAH10 | B406: RTVHETPT84X72X10 | C406: 40D-PU-FOAM-83.50x115MMx40MM | D406: 0.39 | E406: 40D-PU-FOAM-68.50X115MMX40MM | F406: 0.32 | G406: 18D-PU-FOAM-83.50X71.50X15MM | H406: 1.04
A407: VIVAH10 | B407: RTVHETPT20X18X10 | C407: 40D-PU-FOAM-19.50x115MMx40MM | D407: 0.091 | E407: 40D-PU-FOAM-14.50X115MMX40MM | F407: 0.068 | G407: 18D-PU-FOAM-19.50X17.50X15MM
A408: VIVAH10 | B408: RTVHETPT13X13X10 | C408: 40D-PU-FOAM-12.50x115MMx40MM | E408: 40D-PU-FOAM-09.50X115MMX40MM | G408: 18D-PU-FOAM-12.50X12.50X15MM | H408: 0.027
A409: VIVAH12 | B409: RTVHETPT72X30X12 | C409: 40D-PU-FOAM-71.50x165MMx40MM | D409: 0.479 | E409: 40D-PU-FOAM-26.50x165MMx40MM | F409: 0.178 | G409: 18D-PU-FOAM-71.50X29.50X09MM | H409: 0.22
A410: VIVAH12 | B410: RTVHETPT72X36X12 | C410: 40D-PU-FOAM-71.50x165MMx40MM | D410: 0.479 | E410: 40D-PU-FOAM-32.50X165MMX40MM | F410: 0.218 | G410: 18D-PU-FOAM-71.50X35.50X09MM | H410: 0.265
A411: VIVAH12 | B411: RTVHETPT72X42X12 | C411: 40D-PU-FOAM-71.50x165MMx40MM | D411: 0.479 | E411: 40D-PU-FOAM-38.50X165MMX40MM | F411: 0.258 | G411: 18D-PU-FOAM-71.50X41.50X09MM | H411: 0.31
A412: VIVAH12 | B412: RTVHETPT72X48X12 | C412: 40D-PU-FOAM-71.50x165MMx40MM | D412: 0.479 | E412: 40D-PU-FOAM-44.50X165MMX40MM | F412: 0.298 | G412: 18D-PU-FOAM-71.50X47.50X09MM | H412: 0.355
A413: VIVAH12 | B413: RTVHETPT72X60X12 | C413: 40D-PU-FOAM-71.50x165MMx40MM | D413: 0.479 | E413: 40D-PU-FOAM-56.50X165MMX40MM | F413: 0.379 | G413: 18D-PU-FOAM-71.50X59.50X09MM | H413: 0.445
A414: VIVAH12 | B414: RTVHETPT72X66X12 | C414: 40D-PU-FOAM-71.50x165MMx40MM | D414: 0.479 | E414: 40D-PU-FOAM-62.50X165MMX40MM | F414: 0.419 | G414: 18D-PU-FOAM-71.50X65.50X09MM | H414: 0.489
A415: VIVAH12 | B415: RTVHETPT72X72X12 | C415: 40D-PU-FOAM-71.50x165MMx40MM | D415: 0.479 | E415: 40D-PU-FOAM-68.50X165MMX40MM | F415: 0.459 | G415: 18D-PU-FOAM-71.50X71.50X09MM | H415: 0.534
A416: VIVAH12 | B416: RTVHETPT75X30X12 | C416: 40D-PU-FOAM-74.50x165MMx40MM | D416: 0.5 | E416: 40D-PU-FOAM-26.50x165MMx40MM | F416: 0.178 | G416: 18D-PU-FOAM-74.50X29.50X09MM | H416: 0.23
A417: VIVAH12 | B417: RTVHETPT75X36X12 | C417: 40D-PU-FOAM-74.50x165MMx40MM | D417: 0.5 | E417: 40D-PU-FOAM-32.50X165MMX40MM | F417: 0.218 | G417: 18D-PU-FOAM-74.50X35.50X09MM | H417: 0.276
A418: VIVAH12 | B418: RTVHETPT75X42X12 | C418: 40D-PU-FOAM-74.50x165MMx40MM | D418: 0.5 | E418: 40D-PU-FOAM-38.50X165MMX40MM | F418: 0.258 | G418: 18D-PU-FOAM-74.50X41.50X09MM | H418: 0.323
A419: VIVAH12 | B419: RTVHETPT75X48X12 | C419: 40D-PU-FOAM-74.50x165MMx40MM | D419: 0.5 | E419: 40D-PU-FOAM-44.50X165MMX40MM | F419: 0.298 | G419: 18D-PU-FOAM-74.50X47.50X09MM | H419: 0.37
A420: VIVAH12 | B420: RTVHETPT75X60X12 | C420: 40D-PU-FOAM-74.50x165MMx40MM | D420: 0.5 | E420: 40D-PU-FOAM-56.50X165MMX40MM | F420: 0.379 | G420: 18D-PU-FOAM-74.50X59.50X09MM | H420: 0.463
... A554: ORGANIGA06 | B554: PEPSPKORGBW84X72X06 | C554: 40D-PU-FOAM-83.50x115MMx75MM | D554: 0.732 | E554: 40D-PU-FOAM-66X115MMX75MM | F554: 0.578 | G554: 32D-PU-FOAM-83.50X71.50X10MM | H554: 1.233
A555: ORGANIGA06 | B555: PEPSPKORGBW20X18X06 | C555: 40D-PU-FOAM-19.50x115MMx75MM | D555: 0.171 | E555: 40D-PU-FOAM-12X115MMX75MM | F555: 0.105 | G555: 32D-PU-FOAM-19.50X17.50X10MM
A556: ORGANIGA06 | B556: PEPSPKORGBW13X13X06 | C556: 40D-PU-FOAM-12.50x115MMx75MM | D556: 0.11 | E556: 40D-PU-FOAM-07X115MMX75MM | F556: 0.061 | G556: 32D-PU-FOAM-12.50X712.50X10MM | H556: 0.032
A557: ORGANIGA08 | B557: PEPSPKORGBW72X30X08 | C557: 40D-PU-FOAM-71.50x145MMx75MM | D557: 0.79 | E557: 40D-PU-FOAM-24X145MMX75MM | F557: 0.265 | G557: 32D-PU-FOAM-71.50X29.50X20MM | H557: 0.871
A558: ORGANIGA08 | B558: PEPSPKORGBW72X36X08 | C558: 40D-PU-FOAM-71.50x145MMx75MM | D558: 0.79 | E558: 40D-PU-FOAM-30X145MMX75MM | F558: 0.331 | G558: 32D-PU-FOAM-71.50X35.50X20MM | H558: 1.048
A559: ORGANIGA08 | B559: PEPSPKORGBW72X42X08 | C559: 40D-PU-FOAM-71.50x145MMx75MM | D559: 0.79 | E559: 40D-PU-FOAM-36X145MMX75MM | F559: 0.398 | G559: 32D-PU-FOAM-71.50X41.50X20MM | H559: 1.225
A560: ORGANIGA08 | B560: PEPSPKORGBW72X48X08 | C560: 40D-PU-FOAM-71.50x145MMx75MM | D560: 0.79 | E560: 40D-PU-FOAM-42X145MMX75MM | F560: 0.464 | G560: 32D-PU-FOAM-71.50X47.50X20MM | H560: 1.402
A561: ORGANIGA08 | B561: PEPSPKORGBW72X60X08 | C561: 40D-PU-FOAM-71.50x145MMx75MM | D561: 0.79 | E561: 40D-PU-FOAM-54X145MMX75MM | F561: 0.597 | G561: 32D-PU-FOAM-71.50X59.50X20MM | H561: 1.757
A562: ORGANIGA08 | B562: PEPSPKORGBW72X66X08 | C562: 40D-PU-FOAM-71.50x145MMx75MM | D562: 0.79 | E562: 40D-PU-FOAM-60X145MMX75MM | F562: 0.663 | G562: 32D-PU-FOAM-71.50X65.50X20MM | H562: 1.934
A563: ORGANIGA08 | B563: PEPSPKORGBW72X72X08 | C563: 40D-PU-FOAM-71.50x145MMx75MM | D563: 0.79 | E563: 40D-PU-FOAM-66X145MMX75MM | F563: 0.729 | G563: 32D-PU-FOAM-71.50X71.50X20MM | H563: 2.111
A564: ORGANIGA08 | B564: PEPSPKORGBW75X30X08 | C564: 40D-PU-FOAM-74.50x145MMx75MM | D564: 0.823 | E564: 40D-PU-FOAM-24X145MMX75MM | F564: 0.265 | G564: 32D-PU-FOAM-74.50X29.50X20MM | H564: 0.907
A565: ORGANIGA08 | B565: PEPSPKORGBW75X36X08 | C565: 40D-PU-FOAM-74.50x145MMx75MM | D565: 0.823 | E565: 40D-PU-FOAM-30X145MMX75MM | F565: 0.331 | G565: 32D-PU-FOAM-74.50X35.50X20MM | H565: 1.092
A566: ORGANIGA08 | B566: PEPSPKORGBW75X42X08 | C566: 40D-PU-FOAM-74.50x145MMx75MM | D566: 0.823 | E566: 40D-PU-FOAM-36X145MMX75MM | F566: 0.398 | G566: 32D-PU-FOAM-74.50X41.50X20MM | H566: 1.277
A567: ORGANIGA08 | B567: PEPSPKORGBW75X48X08 | C567: 40D-PU-FOAM-74.50x145MMx75MM | D567: 0.823 | E567: 40D-PU-FOAM-42X145MMX75MM | F567: 0.464 | G567: 32D-PU-FOAM-74.50X47.50X20MM | H567: 1.461
... A628: ORGANIGA10 | B628: PEPSPKORGBW84X72X10 | C628: 40D-PU-FOAM-83.50x165MMx75MM | D628: 1.05 | E628: 40D-PU-FOAM-66X165MMX75MM | F628: 0.83 | G628: 32D-PU-FOAM-83.50X71.50X30MM | H628: 3.698
A629: ORGANIGA10 | B629: PEPSPKORGBW20X18X10 | C629: 40D-PU-FOAM-19.50x165MMx75MM | D629: 0.245 | E629: 40D-PU-FOAM-12X165MMX75MM | F629: 0.151 | G629: 32D-PU-FOAM-19.50X17.50X30MM
A630: ORGANIGA10 | B630: PEPSPKORGBW13X13X10 | C630: 40D-PU-FOAM-12.50x165MMx75MM | D630: 0.157 | E630: 40D-PU-FOAM-07X165MMX75MM | F630: 0.088 | G630: 32D-PU-FOAM-12.50X12.50X30MM
A631: SPG08 | B631: SKSGSR72X30X08 | C631: 40D-PU-FOAM-71.50x135MMx75MM | D631: 0.736 | E631: 40D-PU-FOAM-24X135MMX75MM | F631: 0.247 | G631: 100D-RB-FOAM-71.50X29.50X20MM | H631: 2.722 | I631: 100D-RB-FOAM-71.50X29.50X25MM | J631: 3.402
A632: SPG08 | B632: SKSGSR72X36X08 | C632: 40D-PU-FOAM-71.50x135MMx75MM | D632: 0.736 | E632: 40D-PU-FOAM-30X135MMX75MM | F632: 0.309 | G632: 100D-RB-FOAM-71.50X35.50X20MM | H632: 3.275 | I632: 100D-RB-FOAM-71.50X35.50X25MM | J632: 4.094
A633: SPG08 | B633: SKSGSR72X42X08 | C633: 40D-PU-FOAM-71.50x135MMx75MM | D633: 0.736 | E633: 40D-PU-FOAM-36X135MMX75MM | F633: 0.37 | G633: 100D-RB-FOAM-71.50X41.50X20MM | H633: 3.829 | I633: 100D-RB-FOAM-71.50X41.50X25MM | J633: 4.786
A634: SPG08 | B634: SKSGSR72X48X08 | C634: 40D-PU-FOAM-71.50x135MMx75MM | D634: 0.736 | E634: 40D-PU-FOAM-42X135MMX75MM | F634: 0.432 | G634: 100D-RB-FOAM-71.50X47.50X20MM | H634: 4.382 | I634: 100D-RB-FOAM-71.50X47.50X25MM | J634: 5.478
A635: SPG08 | B635: SKSGSR72X60X08 | C635: 40D-PU-FOAM-71.50x135MMx75MM | D635: 0.736 | E635: 40D-PU-FOAM-54X135MMX75MM | F635: 0.555 | G635: 100D-RB-FOAM-71.50X59.50X20MM | H635: 5.489 | I635: 100D-RB-FOAM-71.50X59.50X25MM | J635: 6.862
A636: SPG08 | B636: SKSGSR72X66X08 | C636: 40D-PU-FOAM-71.50x135MMx75MM | D636: 0.736 | E636: 40D-PU-FOAM-60X135MMX75MM | F636: 0.617 | G636: 100D-RB-FOAM-71.50X65.50X20MM | H636: 6.043 | I636: 100D-RB-FOAM-71.50X65.50X25MM | J636: 7.554
A637: SPG08 | B637: SKSGSR72X72X08 | C637: 40D-PU-FOAM-71.50x135MMx75MM | D637: 0.736 | E637: 40D-PU-FOAM-66X135MMX75MM | F637: 0.679 | G637: 100D-RB-FOAM-71.50X71.50X20MM | H637: 6.596 | I637: 100D-RB-FOAM-71.50X71.50X25MM | J637: 8.246
A638: SPG08 | B638: SKSGSR75X30X08 | C638: 40D-PU-FOAM-74.50x135MMx75MM | D638: 0.766 | E638: 40D-PU-FOAM-24X135MMX75MM | F638: 0.247 | G638: 100D-RB-FOAM-74.50X29.50X20MM | H638: 2.836 | I638: 100D-RB-FOAM-74.50X29.50X25MM | J638: 3.545
A639: SPG08 | B639: SKSGSR75X36X08 | C639: 40D-PU-FOAM-74.50x135MMx75MM | D639: 0.766 | E639: 40D-PU-FOAM-30X135MMX75MM | F639: 0.309 | G639: 100D-RB-FOAM-74.50X35.50X20MM | H639: 3.413 | I639: 100D-RB-FOAM-74.50X35.50X25MM | J639: 4.266
A640: SPG08 | B640: SKSGSR75X42X08 | C640: 40D-PU-FOAM-74.50x135MMx75MM | D640: 0.766 | E640: 40D-PU-FOAM-36X135MMX75MM | F640: 0.37 | G640: 100D-RB-FOAM-74.50X41.50X20MM | H640: 3.989 | I640: 100D-RB-FOAM-74.50X41.50X25MM | J640: 4.987
A641: SPG08 | B641: SKSGSR75X48X08 | C641: 40D-PU-FOAM-74.50x135MMx75MM | D641: 0.766 | E641: 40D-PU-FOAM-42X135MMX75MM | F641: 0.432 | G641: 100D-RB-FOAM-74.50X47.50X20MM | H641: 4.566 | I641: 100D-RB-FOAM-74.50X47.50X25MM | J641: 5.708
A642: SPG08 | B642: SKSGSR75X60X08 | C642: 40D-PU-FOAM-74.50x135MMx75MM | D642: 0.766 | E642: 40D-PU-FOAM-54X135MMX75MM | F642: 0.555 | G642: 100D-RB-FOAM-74.50X59.50X20MM | H642: 5.72 | I642: 100D-RB-FOAM-74.50X59.50X25MM | J642: 7.15
... A665: SPG08 | B665: SKSGSR84X72X08 | C665: 40D-PU-FOAM-83.50x135MMx75MM | D665: 0.859 | E665: 40D-PU-FOAM-66X135MMX75MM | F665: 0.679 | G665: 100D-RB-FOAM-83.50X71.50X20MM | H665: 7.704 | I665: 100D-RB-FOAM-83.50X71.50X25MM | J665: 9.629
A666: SPG08 | B666: SKSGSR20X18X08 | C666: 40D-PU-FOAM-19.50x135MMx75MM | D666: 0.201 | E666: 40D-PU-FOAM-12X135MMX75MM | F666: 0.123 | G666: 100D-RB-FOAM-19.50X17.50X20MM | I666: 100D-RB-FOAM-19.50X17.50X25MM
A667: SPG08 | B667: SKSGSR13X13X08 | C667: 40D-PU-FOAM-12.50x135MMx75MM | D667: 0.129 | E667: 40D-PU-FOAM-07X135MMX75MM | F667: 0.072 | G667: 100D-RB-FOAM-12.50X12.50X20MM | H667: 0.202 | I667: 100D-RB-FOAM-12.50X12.50X25MM | J667: 0.252
A668: SPG10 | B668: SKSGSR72X30X10 | C668: 40D-PU-FOAM-71.50x155MMx75MM | D668: 0.844 | E668: 40D-PU-FOAM-24X155MMX75MM | F668: 0.283 | G668: 100D-RB-FOAM-71.50X29.50X25MM | H668: 3.402 | I668: 100D-RB-FOAM-71.50X29.50X30MM | J668: 4.082
...

Sheet MATTRESS DETAILS
B3: BOX MATTRESS FOAM DETAILS
B4: S.NO | C4: BOX TYPES | D4: INCHES | E4: HEIGHT | F4: SIDEWALL | K4: TOP FOAM | P4: REBOUND
F5: DENSITY | G5: MM | H5: LENGTH | I5: WIDTH | J5: QTY | K5: DENSITY | L5: MM | M5: LENGTH | N5: WIDTH | O5: QTY | P5: DENSITY | Q5: MM | R5: LENGTH | S5: WIDTH | T5: QTY
B6: 1 | C6: GP | D6: 6 | E6: 110 | F6: 40-D | G6: 40MM | H6: ACTUAL SIZE-0.5MM | I6: ACTUAL SIZE - 3.5MM | J6: LENGTH-2NOS, WIDTH- 2NOS | K6: 18-D | L6: 9MM | M6: ACTUAL SIZE-0.5MM | N6: ACTUAL SIZE-0.5MM | O6: 1NO | P6: - | Q6: - | R6: - | S6: - | T6: -
B7: 2 | C7: GP | D7: 8 | E7: 140 | F7: 40-D | G7: 40MM | H7: ACTUAL SIZE-0.5MM | I7: ACTUAL SIZE - 3.5MM | J7: LENGTH-2NOS, WIDTH- 2NOS | K7: 18-D | L7: 9MM | M7: ACTUAL SIZE-0.5MM | N7: ACTUAL SIZE-0.5MM | O7: 1NO | P7: - | Q7: - | R7: - | S7: - | T7: -
B8: 3 | C8: GP | D8: 10 | E8: 160 | F8: 40-D | G8: 40MM | H8: ACTUAL SIZE-0.5MM | I8: ACTUAL SIZE - 3.5MM | J8: LENGTH-2NOS, WIDTH- 2NOS | K8: 18-D | L8: 9MM | M8: ACTUAL SIZE-0.5MM | N8: ACTUAL SIZE-0.5MM | O8: 1NO | P8: - | Q8: - | R8: - | S8: - | T8: -
B9: 4 | C9: CAMEO | D9: 6 | E9: 140 | F9: 40-D | G9: 40MM | H9: ACTUAL SIZE-0.5MM | I9: ACTUAL SIZE - 3.5MM | J9: LENGTH-2NOS, WIDTH- 2NOS | K9: 18-D | L9: 9MM | M9: ACTUAL SIZE-0.5MM | N9: ACTUAL SIZE-0.5MM | O9: 1NO | P9: - | Q9: - | R9: - | S9: - | T9: -
B10: 5 | C10: CAMEO | D10: 8 | E10: 140 | F10: 40-D | G10: 40MM | H10: ACTUAL SIZE-0.5MM | I10: ACTUAL SIZE - 3.5MM | J10: LENGTH-2NOS, WIDTH- 2NOS | K10: 18-D | L10: 9MM | M10: ACTUAL SIZE-0.5MM | N10: ACTUAL SIZE-0.5MM | O10: 1NO | P10: - | Q10: - | R10: - | S10: - | T10: -
B11: 6 | C11: VIVAH | D11: 10 | E11: 110 | F11: 40-D | G11: 40MM | H11: ACTUAL SIZE-0.5MM | I11: ACTUAL SIZE - 3.5MM | J11: LENGTH-2NOS, WIDTH- 2NOS | K11: 18-D | L11: 15MM | M11: ACTUAL SIZE-0.5MM | N11: ACTUAL SIZE-0.5MM | O11: 1NO | P11: - | Q11: - | R11: - | S11: - | T11: -
B12: 7 | C12: VIVAH | D12: 12 | E12: 160 | F12: 40-D | G12: 40MM | H12: ACTUAL SIZE-0.5MM | I12: ACTUAL SIZE - 3.5MM | J12: LENGTH-2NOS, WIDTH- 2NOS | K12: 18-D | L12: 9MM | M12: ACTUAL SIZE-0.5MM | N12: ACTUAL SIZE-0.5MM | O12: 1NO | P12: - | Q12: - | R12: - | S12: - | T12: -
B13: 8 | C13: ORGANIGA | D13: 6 | E13: 110 | F13: 40-D | G13: 75MM | H13: ACTUAL SIZE-0.5MM | I13: ACTUAL SIZE - 6MM | J13: LENGTH-2NOS, WIDTH- 2NOS | K13: 32-D | L13: 10MM | M13: ACTUAL SIZE-0.5MM | N13: ACTUAL SIZE-0.5MM | O13: 1NO | P13: - | Q13: - | R13: - | S13: - | T13: -
B14: 9 | C14: ORGANIGA | D14: 8 | E14: 140 | F14: 40-D | G14: 75MM | H14: ACTUAL SIZE-0.5MM | I14: ACTUAL SIZE - 6MM | J14: LENGTH-2NOS, WIDTH- 2NOS | K14: 32-D | L14: 20MM | M14: ACTUAL SIZE-0.5MM | N14: ACTUAL SIZE-0.5MM | O14: 1NO | P14: - | Q14: - | R14: - | S14: - | T14: -
B15: 10 | C15: ORGANIGA | D15: 10 | E15: 160 | F15: 40-D | G15: 75MM | H15: ACTUAL SIZE-0.5MM | I15: ACTUAL SIZE - 6MM | J15: LENGTH-2NOS, WIDTH- 2NOS | K15: 32-D | L15: 30MM | M15: ACTUAL SIZE-0.5MM | N15: ACTUAL SIZE-0.5MM | O15: 1NO | P15: - | Q15: - | R15: - | S15: - | T15: -
B16: 11 | C16: CRYSTAL | D16: 8 | E16: 160 | F16: 40-D | G16: 75MM | H16: ACTUAL SIZE-0.5MM | I16: ACTUAL SIZE - 6MM | J16: LENGTH-2NOS, WIDTH- 2NOS | K16: 18-D | L16: 09MM | M16: ACTUAL SIZE-0.5MM | N16: ACTUAL SIZE-0.5MM | O16: 1NO | P16: - | Q16: - | R16: - | S16: - | T16: -
B17: 14 | C17: ITALINO FAUXTOP | D17: 8 | E17: 110 | F17: 40-D | G17: 75MM | H17: ACTUAL SIZE-0.5MM | I17: ACTUAL SIZE - 6MM | J17: LENGTH-2NOS, WIDTH- 2NOS | K17: 23-D | L17: 15MM | M17: ACTUAL SIZE-0.5MM | N17: ACTUAL SIZE-0.5MM | O17: 1NO | P17: - | Q17: - | R17: - | S17: - | T17: -
... B27: 15 | C27: SPG | D27: 10 | E27: 150 | F27: 40-D | G27: 75MM | H27: ACTUAL SIZE-0.5MM | I27: ACTUAL SIZE - 6MM | J27: LENGTH-2NOS, WIDTH- 2NOS | K27: - | L27: - | M27: - | N27: - | O27: - | P27: 100-D | Q27: 25MM & 30MM | R27: ACTUAL SIZE-0.5MM | S27: ACTUAL SIZE-0.5MM | T27: 25MM-1, 30MM-1

Sheet SIDE WALL FOAM WEIGHT DETAILS
C2: ITEM CODE | D2: WEIGHT
C3: 40D-PU-FOAM-71.50x115MMx40MM | D3: 0.334
C4: 40D-PU-FOAM-74.50x115MMx40MM | D4: 0.348
C5: 40D-PU-FOAM-77.50x115MMx40MM | D5: 0.362
C6: 40D-PU-FOAM-79.50x115MMx40MM | D6: 0.372
C7: 40D-PU-FOAM-83.50x115MMx40MM | D7: 0.39
C8: 40D-PU-FOAM-26.50x115MMx40MM | D8: 0.124
C9: 40D-PU-FOAM-32.50X115MMX40MM | D9: 0.152
C10: 40D-PU-FOAM-38.50X115MMX40MM | D10: 0.18
C11: 40D-PU-FOAM-44.50X115MMX40MM | D11: 0.208
C12: 40D-PU-FOAM-56.50X115MMX40MM | D12: 0.264
C13: 40D-PU-FOAM-62.50X115MMX40MM | D13: 0.292
C14: 40D-PU-FOAM-68.50X115MMX40MM | D14: 0.32
... C134: 40D-PU-FOAM-07X115MMX75MM | D134: 0.061

Sheet TOP FOAM WEIGHT DETAILS
C2: 18D-PU-FOAM-71.50X29.50X09MM | D2: 0.22
C3: 18D-PU-FOAM-71.50X35.50X09MM | D3: 0.265
C4: 18D-PU-FOAM-71.50X41.50X09MM | D4: 0.31
C5: 18D-PU-FOAM-71.50X47.50X09MM | D5: 0.355
C6: 18D-PU-FOAM-71.50X59.50X09MM | D6: 0.445
C7: 18D-PU-FOAM-71.50X65.50X09MM | D7: 0.489
C8: 18D-PU-FOAM-71.50X71.50X09MM | D8: 0.534
C9: 18D-PU-FOAM-74.50X29.50X09MM | D9: 0.23
C10: 18D-PU-FOAM-74.50X35.50X09MM | D10: 0.276
C11: 18D-PU-FOAM-74.50X41.50X09MM | D11: 0.323
C12: 18D-PU-FOAM-74.50X47.50X09MM | D12: 0.37
C13: 18D-PU-FOAM-74.50X59.50X09MM | D13: 0.463
... C36: 18D-PU-FOAM-83.50X71.50X09MM | D36: 0.624
C37: 18D-PU-FOAM-12.50X12.50X09MM | D37: =1.188/74.25 -> 0.016
C38: 18D-PU-FOAM-71.50X29.50X15MM | D38: 0.367
C39: 18D-PU-FOAM-71.50X35.50X15MM | D39: 0.442
C40: 18D-PU-FOAM-71.50X41.50X15MM | D40: 0.517
C41: 18D-PU-FOAM-71.50X47.50X15MM | D41: 0.592
C42: 18D-PU-FOAM-71.50X59.50X15MM | D42: 0.741
C43: 18D-PU-FOAM-71.50X65.50X15MM | D43: 0.816
C44: 18D-PU-FOAM-71.50X71.50X15MM | D44: 0.891
C45: 18D-PU-FOAM-74.50X29.50X15MM | D45: 0.383
C46: 18D-PU-FOAM-74.50X35.50X15MM | D46: 0.461
C47: 18D-PU-FOAM-74.50X41.50X15MM | D47: 0.539
C48: 18D-PU-FOAM-74.50X47.50X15MM | D48: 0.616
C49: 18D-PU-FOAM-74.50X59.50X15MM | D49: 0.772
... C258: 32D-PU-FOAM-83.50X71.50X30MM | D258: 3.698

Sheet REBOUND WEIGHT DETAILS
C1: ITEM CODE | D1: QTY
C2: 100D-RB-FOAM-71.50X29.50X20MM | D2: 2.722
C3: 100D-RB-FOAM-71.50X35.50X20MM | D3: 3.275
C4: 100D-RB-FOAM-71.50X41.50X20MM | D4: 3.829
C5: 100D-RB-FOAM-71.50X47.50X20MM | D5: 4.382
C6: 100D-RB-FOAM-71.50X59.50X20MM | D6: 5.489
C7: 100D-RB-FOAM-71.50X65.50X20MM | D7: 6.043
C8: 100D-RB-FOAM-71.50X71.50X20MM | D8: 6.596
C9: 100D-RB-FOAM-74.50X29.50X20MM | D9: 2.836
C10: 100D-RB-FOAM-74.50X35.50X20MM | D10: 3.413
C11: 100D-RB-FOAM-74.50X41.50X20MM | D11: 3.989
C12: 100D-RB-FOAM-74.50X47.50X20MM | D12: 4.566
C13: 100D-RB-FOAM-74.50X59.50X20MM | D13: 5.72
... C57: 100D-RB-FOAM-77.50X65.50X25MM | D57: 8.187
C58: 100D-RB-FOAM-77.50X71.50X25MM | D58: 8.937 | E58: =+D58*26 -> 232.362
C59: 100D-RB-FOAM-79.50X29.50X25MM | D59: 3.783
C60: 100D-RB-FOAM-79.50X35.50X25MM | D60: 4.552
C61: 100D-RB-FOAM-79.50X41.50X25MM | D61: 5.321
C62: 100D-RB-FOAM-79.50X47.50X25MM | D62: 6.091
C63: 100D-RB-FOAM-79.50X59.50X25MM | D63: 7.629
C64: 100D-RB-FOAM-79.50X65.50X25MM | D64: 8.399
C65: 100D-RB-FOAM-79.50X71.50X25MM | D65: 9.168
C66: 100D-RB-FOAM-83.50X29.50X25MM | D66: 3.973
C67: 100D-RB-FOAM-83.50X35.50X25MM | D67: 4.781
C68: 100D-RB-FOAM-83.50X41.50X25MM | D68: 5.589
C69: 100D-RB-FOAM-83.50X47.50X25MM | D69: 6.397
C70: 100D-RB-FOAM-83.50X59.50X25MM | D70: 8.013
... C145: 100D-RB-FOAM-12.50X12.50X40MM | D145: 0.403

Sheet OVERALL WEIGHTS
A1: ITEM CODE | B1: WEIGHT | C1: VARIETY
A2: 40D-PU-FOAM-71.50x115MMx40MM | B2: 0.334 | C2: GP06
A3: 40D-PU-FOAM-74.50x115MMx40MM | B3: 0.348 | C3: GP06
A4: 40D-PU-FOAM-77.50x115MMx40MM | B4: 0.362 | C4: GP06
A5: 40D-PU-FOAM-79.50x115MMx40MM | B5: 0.372 | C5: GP06
A6: 40D-PU-FOAM-83.50x115MMx40MM | B6: 0.39 | C6: GP06
A7: 40D-PU-FOAM-26.50x115MMx40MM | B7: 0.124 | C7: GP06
A8: 40D-PU-FOAM-32.50X115MMX40MM | B8: 0.152 | C8: GP06
A9: 40D-PU-FOAM-38.50X115MMX40MM | B9: 0.18 | C9: GP06
A10: 40D-PU-FOAM-44.50X115MMX40MM | B10: 0.208 | C10: GP06
A11: 40D-PU-FOAM-56.50X115MMX40MM | B11: 0.264 | C11: GP06
A12: 40D-PU-FOAM-62.50X115MMX40MM | B12: 0.292 | C12: GP06
A13: 40D-PU-FOAM-68.50X115MMX40MM | B13: 0.32 | C13: GP06
... A205: 18D-PU-FOAM-83.50X71.50X09MM | B205: 0.624 | C205: GP06
A206: 18D-PU-FOAM-12.50X12.50X09MM | B206: =1.188/74.25 -> 0.016 | C206: MINIGP06
A207: 18D-PU-FOAM-71.50X29.50X09MM | B207: 0.22 | C207: GP08
A208: 18D-PU-FOAM-71.50X35.50X09MM | B208: 0.265 | C208: GP08
A209: 18D-PU-FOAM-71.50X41.50X09MM | B209: 0.31 | C209: GP08
A210: 18D-PU-FOAM-71.50X47.50X09MM | B210: 0.355 | C210: GP08
A211: 18D-PU-FOAM-71.50X59.50X09MM | B211: 0.445 | C211: GP08
A212: 18D-PU-FOAM-71.50X65.50X09MM | B212: 0.489 | C212: GP08
A213: 18D-PU-FOAM-71.50X71.50X09MM | B213: 0.534 | C213: GP08
A214: 18D-PU-FOAM-74.50X29.50X09MM | B214: 0.23 | C214: GP08
A215: 18D-PU-FOAM-74.50X35.50X09MM | B215: 0.276 | C215: GP08
A216: 18D-PU-FOAM-74.50X41.50X09MM | B216: 0.323 | C216: GP08
A217: 18D-PU-FOAM-74.50X47.50X09MM | B217: 0.37 | C217: GP08
A218: 18D-PU-FOAM-74.50X59.50X09MM | B218: 0.463 | C218: GP08
... A241: 18D-PU-FOAM-83.50X71.50X09MM | B241: 0.624 | C241: GP08
A242: 18D-PU-FOAM-12.50X12.50X09MM | B242: =1.188/74.25 -> 0.016 | C242: MINIGP08
A243: 18D-PU-FOAM-71.50X29.50X09MM | B243: 0.22 | C243: GP10
A244: 18D-PU-FOAM-71.50X35.50X09MM | B244: 0.265 | C244: GP10
A245: 18D-PU-FOAM-71.50X41.50X09MM | B245: 0.31 | C245: GP10
A246: 18D-PU-FOAM-71.50X47.50X09MM | B246: 0.355 | C246: GP10
A247: 18D-PU-FOAM-71.50X59.50X09MM | B247: 0.445 | C247: GP10
A248: 18D-PU-FOAM-71.50X65.50X09MM | B248: 0.489 | C248: GP10
A249: 18D-PU-FOAM-71.50X71.50X09MM | B249: 0.534 | C249: GP10
A250: 18D-PU-FOAM-74.50X29.50X09MM | B250: 0.23 | C250: GP10
A251: 18D-PU-FOAM-74.50X35.50X09MM | B251: 0.276 | C251: GP10
A252: 18D-PU-FOAM-74.50X41.50X09MM | B252: 0.323 | C252: GP10
A253: 18D-PU-FOAM-74.50X47.50X09MM | B253: 0.37 | C253: GP10
A254: 18D-PU-FOAM-74.50X59.50X09MM | B254: 0.463 | C254: GP10
... A277: 18D-PU-FOAM-83.50X71.50X09MM | B277: 0.624 | C277: GP10
A278: 18D-PU-FOAM-12.50X12.50X09MM | B278: =1.188/74.25 -> 0.016 | C278: MINIGP10
A279: 18D-PU-FOAM-71.50X29.50X09MM | B279: 0.22 | C279: CRYSTAL08
A280: 18D-PU-FOAM-71.50X35.50X09MM | B280: 0.265 | C280: CRYSTAL08
A281: 18D-PU-FOAM-71.50X41.50X09MM | B281: 0.31 | C281: CRYSTAL08
A282: 18D-PU-FOAM-71.50X47.50X09MM | B282: 0.355 | C282: CRYSTAL08
A283: 18D-PU-FOAM-71.50X59.50X09MM | B283: 0.445 | C283: CRYSTAL08
A284: 18D-PU-FOAM-71.50X65.50X09MM | B284: 0.489 | C284: CRYSTAL08
A285: 18D-PU-FOAM-71.50X71.50X09MM | B285: 0.534 | C285: CRYSTAL08
A286: 18D-PU-FOAM-74.50X29.50X09MM | B286: 0.23 | C286: CRYSTAL08
A287: 18D-PU-FOAM-74.50X35.50X09MM | B287: 0.276 | C287: CRYSTAL08
A288: 18D-PU-FOAM-74.50X41.50X09MM | B288: 0.323 | C288: CRYSTAL08
A289: 18D-PU-FOAM-74.50X47.50X09MM | B289: 0.37 | C289: CRYSTAL08
A290: 18D-PU-FOAM-74.50X59.50X09MM | B290: 0.463 | C290: CRYSTAL08
... A313: 18D-PU-FOAM-83.50X71.50X09MM | B313: 0.624 | C313: CRYSTAL08
A314: 18D-PU-FOAM-12.50X12.50X09MM | B314: =1.188/74.25 -> 0.016 | C314: MINICRYSTAL08
A315: 18D-PU-FOAM-71.50X29.50X09MM | B315: 0.22 | C315: VIVAH12
A316: 18D-PU-FOAM-71.50X35.50X09MM | B316: 0.265 | C316: VIVAH12
A317: 18D-PU-FOAM-71.50X41.50X09MM | B317: 0.31 | C317: VIVAH12
A318: 18D-PU-FOAM-71.50X47.50X09MM | B318: 0.355 | C318: VIVAH12
A319: 18D-PU-FOAM-71.50X59.50X09MM | B319: 0.445 | C319: VIVAH12
A320: 18D-PU-FOAM-71.50X65.50X09MM | B320: 0.489 | C320: VIVAH12
A321: 18D-PU-FOAM-71.50X71.50X09MM | B321: 0.534 | C321: VIVAH12
A322: 18D-PU-FOAM-74.50X29.50X09MM | B322: 0.23 | C322: VIVAH12
A323: 18D-PU-FOAM-74.50X35.50X09MM | B323: 0.276 | C323: VIVAH12
A324: 18D-PU-FOAM-74.50X41.50X09MM | B324: 0.323 | C324: VIVAH12
A325: 18D-PU-FOAM-74.50X47.50X09MM | B325: 0.37 | C325: VIVAH12
A326: 18D-PU-FOAM-74.50X59.50X09MM | B326: 0.463 | C326: VIVAH12
... A349: 18D-PU-FOAM-83.50X71.50X09MM | B349: 0.624 | C349: VIVAH12
A350: 18D-PU-FOAM-12.50X12.50X09MM | B350: =1.188/74.25 -> 0.016 | C350: MINIVIVAH12
A351: 18D-PU-FOAM-71.50X29.50X15MM | B351: 0.367 | C351: VIVAH10
A352: 18D-PU-FOAM-71.50X35.50X15MM | B352: 0.442 | C352: VIVAH10
A353: 18D-PU-FOAM-71.50X41.50X15MM | B353: 0.517 | C353: VIVAH10
A354: 18D-PU-FOAM-71.50X47.50X15MM | B354: 0.592 | C354: VIVAH10
A355: 18D-PU-FOAM-71.50X59.50X15MM | B355: 0.741 | C355: VIVAH10
A356: 18D-PU-FOAM-71.50X65.50X15MM | B356: 0.816 | C356: VIVAH10
A357: 18D-PU-FOAM-71.50X71.50X15MM | B357: 0.891 | C357: VIVAH10
A358: 18D-PU-FOAM-74.50X29.50X15MM | B358: 0.383 | C358: VIVAH10
A359: 18D-PU-FOAM-74.50X35.50X15MM | B359: 0.461 | C359: VIVAH10
A360: 18D-PU-FOAM-74.50X41.50X15MM | B360: 0.539 | C360: VIVAH10
A361: 18D-PU-FOAM-74.50X47.50X15MM | B361: 0.616 | C361: VIVAH10
A362: 18D-PU-FOAM-74.50X59.50X15MM | B362: 0.772 | C362: VIVAH10
... A842: 32D-PU-FOAM-83.50X71.50X30MM | B842: 3.698 | C842: ORGANIGA10

Sheet Sheet5
B1: VARIETY | C1: SAMPLES
B2: SKSGSR | C2: SPG
B3: RTUPGPBW | C3: GP
B4: RTUPGPGR | C4: GP
B5: RTGPCSBG | C5: CRYSTAL
B6: RTGPCSPW | C6: CRYSTAL
B7: PEPSPKORGBW | C7: ORG
B8: RTVHETPT | C8: VIVAH
B9: RTPKCMSTCS | C9: CAMEO
B10: RTPKCMULTSTCS | C10: CAMEO
B11: HYPALRPKNLBLOR | C11: ALU
B12: HYPALRPKNLSTGR | C12: ALU
... B36: RTPKARPLMFNLGR | C36: ARDMEMNL

Sheet Sheet1
C2: 44 | D2: 18D-PU-FOAM-71.50X29.50X06MM | E2: 18D-Pure Foam Sheet-71.50X29.50X06MM | F2: HYP-EXT-PURE-18D | G2: 265 | H2: 0.147
C3: 45 | D3: 18D-PU-FOAM-71.50X32.50X06MM | E3: 18D-Pure Foam Sheet-71.50X32.50X06MM | F3: HYP-EXT-PURE-18D | G3: 265 | H3: 0.162
C4: 46 | D4: 18D-PU-FOAM-71.50X35.50X06MM | E4: 18D-Pure Foam Sheet-71.50X35.50X06MM | F4: HYP-EXT-PURE-18D | G4: 265 | H4: 0.177
C5: 47 | D5: 18D-PU-FOAM-71.50X38.50X06MM | E5: 18D-Pure Foam Sheet-71.50X38.50X06MM | F5: HYP-EXT-PURE-18D | G5: 265 | H5: 0.192
C6: 48 | D6: 18D-PU-FOAM-71.50X41.50X06MM | E6: 18D-Pure Foam Sheet-71.50X41.50X06MM | F6: HYP-EXT-PURE-18D | G6: 265 | H6: 0.207
C7: 49 | D7: 18D-PU-FOAM-71.50X44.50X06MM | E7: 18D-Pure Foam Sheet-71.50X44.50X06MM | F7: HYP-EXT-PURE-18D | G7: 265 | H7: 0.222
C8: 50 | D8: 18D-PU-FOAM-71.50X47.50X06MM | E8: 18D-Pure Foam Sheet-71.50X47.50X06MM | F8: HYP-EXT-PURE-18D | G8: 265 | H8: 0.237
C9: 51 | D9: 18D-PU-FOAM-71.50X50.50X06MM | E9: 18D-Pure Foam Sheet-71.50X50.50X06MM | F9: HYP-EXT-PURE-18D | G9: 265 | H9: 0.252
C10: 52 | D10: 18D-PU-FOAM-71.50X53.50X06MM | E10: 18D-Pure Foam Sheet-71.50X53.50X06MM | F10: HYP-EXT-PURE-18D | G10: 265 | H10: 0.267
C11: 53 | D11: 18D-PU-FOAM-71.50X56.50X06MM | E11: 18D-Pure Foam Sheet-71.50X56.50X06MM | F11: HYP-EXT-PURE-18D | G11: 265 | H11: 0.281
C12: 54 | D12: 18D-PU-FOAM-71.50X59.50X06MM | E12: 18D-Pure Foam Sheet-71.50X59.50X06MM | F12: HYP-EXT-PURE-18D | G12: 265 | H12: 0.296
C13: 55 | D13: 18D-PU-FOAM-71.50X62.50X06MM | E13: 18D-Pure Foam Sheet-71.50X62.50X06MM | F13: HYP-EXT-PURE-18D | G13: 265 | H13: 0.311
... C78: 120 | D78: 18D-PU-FOAM-12.50X12.50X06MM | E78: 18D-Pure Foam Sheet-12.50X12.50X06MM | F78: HYP-EXT-PURE-18D | G78: 265 | H78: 0.011

Sheet ALL NEW ITEM 
A2: DENSITY | B2: LENGTH | C2: HEIGHT | D2: FOAM SIZE | E2: ITEM CODE | F2: WEIGHT
A3: 32 | B3: 71.5 | C3: 115 | D3: 40 | E3: 32D-HARD-FOAM-71.50X115MMX40MM | F3: =ROUND(A3*B3*0.0254*C3/1000*D3/1000,3) -> 0.267
A4: 32 | B4: 74.5 | C4: 115 | D4: 40 | E4: 32D-HARD-FOAM-74.50X115MMX40MM | F4: =ROUND(A4*B4*0.0254*C4/1000*D4/1000,3) -> 0.279
A5: 32 | B5: 77.5 | C5: 115 | D5: 40 | E5: 32D-HARD-FOAM-77.50X115MMX40MM | F5: =ROUND(A5*B5*0.0254*C5/1000*D5/1000,3) -> 0.29
A6: 32 | B6: 79.5 | C6: 115 | D6: 40 | E6: 32D-HARD-FOAM-79.50X115MMX40MM | F6: =ROUND(A6*B6*0.0254*C6/1000*D6/1000,3) -> 0.297
A7: 32 | B7: 83.5 | C7: 115 | D7: 40 | E7: 32D-HARD-FOAM-83.50X115MMX40MM | F7: =ROUND(A7*B7*0.0254*C7/1000*D7/1000,3) -> 0.312
A8: 32 | B8: 12.5 | C8: 115 | D8: 40 | E8: 32D-HARD-FOAM-12.50X115MMX40MM | F8: =ROUND(A8*B8*0.0254*C8/1000*D8/1000,3) -> 0.047
A9: 32 | B9: 19.5 | C9: 115 | D9: 40 | E9: 32D-HARD-FOAM-19.50X115MMX40MM | F9: =ROUND(A9*B9*0.0254*C9/1000*D9/1000,3) -> 0.073
A10: 32 | B10: 71.5 | C10: 135 | D10: 40 | E10: 32D-HARD-FOAM-71.50X135MMX40MM | F10: =ROUND(A10*B10*0.0254*C10/1000*D10/1000,3) -> 0.314
A11: 32 | B11: 74.5 | C11: 135 | D11: 40 | E11: 32D-HARD-FOAM-74.50X135MMX40MM | F11: =ROUND(A11*B11*0.0254*C11/1000*D11/1000,3) -> 0.327
A12: 32 | B12: 77.5 | C12: 135 | D12: 40 | E12: 32D-HARD-FOAM-77.50X135MMX40MM | F12: =ROUND(A12*B12*0.0254*C12/1000*D12/1000,3) -> 0.34
A13: 32 | B13: 79.5 | C13: 135 | D13: 40 | E13: 32D-HARD-FOAM-79.50X135MMX40MM | F13: =ROUND(A13*B13*0.0254*C13/1000*D13/1000,3) -> 0.349
A14: 32 | B14: 83.5 | C14: 135 | D14: 40 | E14: 32D-HARD-FOAM-83.50X135MMX40MM | F14: =ROUND(A14*B14*0.0254*C14/1000*D14/1000,3) -> 0.366
... A362: 32 | B362: 12 | C362: 95 | D362: 70 | E362: 32D-HARD-FOAM-12X95MMX70MM | F362: =ROUND(A362*B362*0.0254*C362/1000*D362/1000,3) -> 0.065
A363: 32 | B363: 71.5 | C363: 29.5 | D363: 10 | E363: 32D-PU-FOAM-71.50X29.50X10MM | F363: =+ROUND((A363*B363*0.0254*C363*0.0254*(D363/1000)),3) -> 0.435
A364: 32 | B364: 71.5 | C364: 32.5 | D364: 10 | E364: 32D-PU-FOAM-71.50X32.50X10MM | F364: =+ROUND((A364*B364*0.0254*C364*0.0254*(D364/1000)),3) -> 0.48
A365: 32 | B365: 71.5 | C365: 35.5 | D365: 10 | E365: 32D-PU-FOAM-71.50X35.50X10MM | F365: =+ROUND((A365*B365*0.0254*C365*0.0254*(D365/1000)),3) -> 0.524
A366: 32 | B366: 71.5 | C366: 38.5 | D366: 10 | E366: 32D-PU-FOAM-71.50X38.50X10MM | F366: =+ROUND((A366*B366*0.0254*C366*0.0254*(D366/1000)),3) -> 0.568
A367: 32 | B367: 71.5 | C367: 41.5 | D367: 10 | E367: 32D-PU-FOAM-71.50X41.50X10MM | F367: =+ROUND((A367*B367*0.0254*C367*0.0254*(D367/1000)),3) -> 0.613
A368: 32 | B368: 71.5 | C368: 44.5 | D368: 10 | E368: 32D-PU-FOAM-71.50X44.50X10MM | F368: =+ROUND((A368*B368*0.0254*C368*0.0254*(D368/1000)),3) -> 0.657
A369: 32 | B369: 71.5 | C369: 47.5 | D369: 10 | E369: 32D-PU-FOAM-71.50X47.50X10MM | F369: =+ROUND((A369*B369*0.0254*C369*0.0254*(D369/1000)),3) -> 0.701
A370: 32 | B370: 71.5 | C370: 50.5 | D370: 10 | E370: 32D-PU-FOAM-71.50X50.50X10MM | F370: =+ROUND((A370*B370*0.0254*C370*0.0254*(D370/1000)),3) -> 0.745
A371: 32 | B371: 71.5 | C371: 53.5 | D371: 10 | E371: 32D-PU-FOAM-71.50X53.50X10MM | F371: =+ROUND((A371*B371*0.0254*C371*0.0254*(D371/1000)),3) -> 0.79
A372: 32 | B372: 71.5 | C372: 56.5 | D372: 10 | E372: 32D-PU-FOAM-71.50X56.50X10MM | F372: =+ROUND((A372*B372*0.0254*C372*0.0254*(D372/1000)),3) -> 0.834
A373: 32 | B373: 71.5 | C373: 59.5 | D373: 10 | E373: 32D-PU-FOAM-71.50X59.50X10MM | F373: =+ROUND((A373*B373*0.0254*C373*0.0254*(D373/1000)),3) -> 0.878
A374: 32 | B374: 71.5 | C374: 62.5 | D374: 10 | E374: 32D-PU-FOAM-71.50X62.50X10MM | F374: =+ROUND((A374*B374*0.0254*C374*0.0254*(D374/1000)),3) -> 0.923
... A901: 25 | B901: 19.5 | C901: 17.5 | D901: 50 | E901: 25D-HELIXA-FOAM-19.50X17.50X50MM | F901: =+ROUND((A901*B901*0.0254*C901*0.0254*(D901/1000)),3) -> 0.275
A902: 32 | B902: 71.5 | C902: 175 | D902: 75 | E902: 32D-PU-FOAM-71.50X175MMX75MM | F902: =ROUND(A902*B902*0.0254*C902/1000*D902/1000,3) -> 0.763
A903: 32 | B903: 74.5 | C903: 175 | D903: 75 | E903: 32D-PU-FOAM-74.50X175MMX75MM | F903: =ROUND(A903*B903*0.0254*C903/1000*D903/1000,3) -> 0.795
A904: 32 | B904: 77.5 | C904: 175 | D904: 75 | E904: 32D-PU-FOAM-77.50X175MMX75MM | F904: =ROUND(A904*B904*0.0254*C904/1000*D904/1000,3) -> 0.827
A905: 32 | B905: 79.5 | C905: 175 | D905: 75 | E905: 32D-PU-FOAM-79.50X175MMX75MM | F905: =ROUND(A905*B905*0.0254*C905/1000*D905/1000,3) -> 0.848
A906: 32 | B906: 83.5 | C906: 175 | D906: 75 | E906: 32D-PU-FOAM-83.50X175MMX75MM | F906: =ROUND(A906*B906*0.0254*C906/1000*D906/1000,3) -> 0.891
A907: 32 | B907: 24 | C907: 175 | D907: 75 | E907: 32D-PU-FOAM-24X175MMX75MM | F907: =ROUND(A907*B907*0.0254*C907/1000*D907/1000,3) -> 0.256
A908: 32 | B908: 27 | C908: 175 | D908: 75 | E908: 32D-PU-FOAM-27X175MMX75MM | F908: =ROUND(A908*B908*0.0254*C908/1000*D908/1000,3) -> 0.288
A909: 32 | B909: 30 | C909: 175 | D909: 75 | E909: 32D-PU-FOAM-30X175MMX75MM | F909: =ROUND(A909*B909*0.0254*C909/1000*D909/1000,3) -> 0.32
A910: 32 | B910: 33 | C910: 175 | D910: 75 | E910: 32D-PU-FOAM-33X175MMX75MM | F910: =ROUND(A910*B910*0.0254*C910/1000*D910/1000,3) -> 0.352
A911: 32 | B911: 36 | C911: 175 | D911: 75 | E911: 32D-PU-FOAM-36X175MMX75MM | F911: =ROUND(A911*B911*0.0254*C911/1000*D911/1000,3) -> 0.384
A912: 32 | B912: 39 | C912: 175 | D912: 75 | E912: 32D-PU-FOAM-39X175MMX75MM | F912: =ROUND(A912*B912*0.0254*C912/1000*D912/1000,3) -> 0.416
A913: 32 | B913: 42 | C913: 175 | D913: 75 | E913: 32D-PU-FOAM-42X175MMX75MM | F913: =ROUND(A913*B913*0.0254*C913/1000*D913/1000,3) -> 0.448
... A980: 32 | B980: 7 | C980: 225 | D980: 75 | E980: 32D-HARD-FOAM-07X175MMX75MM | F980: =ROUND(A980*B980*0.0254*C980/1000*D980/1000,3) -> 0.096

Sheet FORMULAS
B2: LENGTH /WIDTH FOAM SIDEWALL WEIGHT FORMULA
B4: ROUND(DENSITY*LENGTH*0.0254*FOAM HEIGHT/1000*FOAM SIZE/1000,3)
B6: EXAMPLE:
B7: 40MM SIDEWALL ,40 DENSITY, LENGTH SIZE -74.5 , HEIGHT-155
B9: ROUND(40*74.5*0.0254*155/1000*40/1000,3)
B12: TOP FOAM /REBOUND WEIGHT FORMULA
B14: ROUND((DENSITY*LENGTH*0.0254*WIDTH*0.0254*(THICKNESS/1000)),3)
B16: EXAMPLE:
B17: 100 DENSITY, LENGTH SIZE -74.5 , WIDTH SIZE-59.5 THICKNESS-20MM
B19: ROUND((100*74.5*0.0254*59.5*0.0254*(20/1000)),3)

Sheet MASTER
A1: SNO | B1: ITEM | C1: HEIGHT | D1: VAREITY NAME | E1: LENGTH | F1: WIDTH | G1: HIGHT | H1: DENSITY | I1: SIDEWALL MM | J1: TOPFOAM DENSITY | K1: TOPFOAM & REBOUND 1 MM | L1: TOPFOAM & REBOUND 2 MM | M1: TOP FOAM/ REBOUND | N1: TOP FOAM/ REBOUND
A2: 1 | B2: HYPALRPKNLBLOR06 | C2: 130 | D2: ALLURA | E2: 0.5 | F2: 6 | G2: 135MM | H2: 32D-HARD-FOAM- | I2: 75MM | J2: 25D-HELIXA-FOAM- | K2: 15MM | L2: 15MM | M2: 0.5 | N2: 0.5
A3: 2 | B3: HYPALRPKNLBLOR08 | C3: 150 | D3: ALLURA | E3: 0.5 | F3: 6 | G3: 155MM | H3: 32D-HARD-FOAM- | I3: 75MM | J3: 25D-HELIXA-FOAM- | K3: 25MM | L3: 15MM | M3: 0.5 | N3: 0.5
A4: 3 | B4: HYPALRPKNLSTGR06 | C4: 130 | D4: ALLURA | E4: 0.5 | F4: 6 | G4: 135MM | H4: 32D-HARD-FOAM- | I4: 75MM | J4: 25D-HELIXA-FOAM- | K4: 15MM | L4: 15MM | M4: 0.5 | N4: 0.5
A5: 4 | B5: HYPALRPKNLSTGR08 | C5: 150 | D5: ALLURA | E5: 0.5 | F5: 6 | G5: 155MM | H5: 32D-HARD-FOAM- | I5: 75MM | J5: 25D-HELIXA-FOAM- | K5: 25MM | L5: 15MM | M5: 0.5 | N5: 0.5
A6: 5 | B6: HYPALRPKNLBLOR10 | C6: 170 | D6: ALLURA | E6: 0.5 | F6: 6 | G6: 175MM | H6: 32D-HARD-FOAM- | I6: 75MM | J6: 25D-HELIXA-FOAM- | K6: 50MM | L6: 25MM | M6: 0.5 | N6: 0.5
A7: 6 | B7: HYPALRPKNLSTGR10 | C7: 170 | D7: ALLURA | E7: 0.5 | F7: 6 | G7: 175MM | H7: 32D-HARD-FOAM- | I7: 75MM | J7: 25D-HELIXA-FOAM- | K7: 50MM | L7: 25MM | M7: 0.5 | N7: 0.5
A8: 7 | B8: SKPKLTGN06 | C8: 130 | D8: SPK POCKETED LATEX | E8: 0.5 | F8: 6 | G8: 135MM | H8: 32D-HARD-FOAM- | I8: 75MM | J8: 25D-HELIXA-FOAM- | K8: 15MM | L8: 15MM | M8: 0.5 | N8: 0.5
A9: 8 | B9: SKPKLTGN08 | C9: 150 | D9: SPK POCKETED LATEX | E9: 0.5 | F9: 6 | G9: 155MM | H9: 32D-HARD-FOAM- | I9: 75MM | J9: 25D-HELIXA-FOAM- | K9: 25MM | L9: 15MM | M9: 0.5 | N9: 0.5
A10: 9 | B10: SKPKLTGN10 | C10: 170 | D10: SPK POCKETED LATEX | E10: 0.5 | F10: 6 | G10: 175MM | H10: 32D-HARD-FOAM- | I10: 75MM | J10: 25D-HELIXA-FOAM- | K10: 50MM | L10: 25MM | M10: 0.5 | N10: 0.5
A11: 10 | B11: SKPKMFBL06 | C11: 130 | D11: SPK POCKETED MEMORY | E11: 0.5 | F11: 6 | G11: 135MM | H11: 32D-HARD-FOAM- | I11: 75MM | J11: 25D-HELIXA-FOAM- | K11: 15MM | L11: 15MM | M11: 0.5 | N11: 0.5
A12: 11 | B12: SKPKMFBL08 | C12: 150 | D12: SPK POCKETED MEMORY | E12: 0.5 | F12: 6 | G12: 155MM | H12: 32D-HARD-FOAM- | I12: 75MM | J12: 25D-HELIXA-FOAM- | K12: 25MM | L12: 15MM | M12: 0.5 | N12: 0.5
A13: 12 | B13: SKPKMFBL10 | C13: 170 | D13: SPK POCKETED MEMORY | E13: 0.5 | F13: 6 | G13: 175MM | H13: 32D-HARD-FOAM- | I13: 75MM | J13: 25D-HELIXA-FOAM- | K13: 50MM | L13: 25MM | M13: 0.5 | N13: 0.5
A14: 13 | B14: PEPSPKORGBW06 | C14: 110 | D14: ORGANIGA | E14: 0.5 | F14: 6 | G14: 115MM | H14: 32D-HARD-FOAM- | I14: 70MM | J14: 0 | K14: 0 | L14: 0 | M14: 0 | N14: 0
A15: 14 | B15: PEPSPKORGBW08 | C15: 130 | D15: ORGANIGA | E15: 0.5 | F15: 6 | G15: 135MM | H15: 32D-HARD-FOAM- | I15: 70MM | J15: 0 | K15: 0 | L15: 0 | M15: 0 | N15: 0
A16: 15 | B16: PEPSPKORGBW10 | C16: 150 | D16: ORGANIGA | E16: 0.5 | F16: 6 | G16: 155MM | H16: 32D-HARD-FOAM- | I16: 70MM | J16: 0 | K16: 0 | L16: 0 | M16: 0 | N16: 0
A17: 16 | B17: PEPSZENPKNLDB06 | C17: 110 | D17: ZENIMO NORMAL | E17: 0.5 | F17: 6 | G17: 115MM | H17: 32D-HARD-FOAM- | I17: 70MM | J17: 0 | K17: 0 | L17: 0 | M17: 0 | N17: 0
A18: 17 | B18: PEPSZENPKNLDB08 | C18: 130 | D18: ZENIMO NORMAL | E18: 0.5 | F18: 6 | G18: 135MM | H18: 32D-HARD-FOAM- | I18: 70MM | J18: 0 | K18: 0 | L18: 0 | M18: 0 | N18: 0
A19: 20 | B19: RTHTMTPKMFRG06 | C19: 110 | D19: POCKETED FR MEMORY FOAM REGULAR | E19: 0.5 | F19: 6 | G19: 115MM | H19: 32D-HARD-FOAM- | I19: 70MM | J19: 0 | K19: 0 | L19: 0 | M19: 0 | N19: 0
A20: 21 | B20: RTHTMTPKMFRG08 | C20: 150 | D20: POCKETED FR MEMORY FOAM REGULAR | E20: 0.5 | F20: 6 | G20: 155MM | H20: 32D-HARD-FOAM- | I20: 70MM | J20: 0 | K20: 0 | L20: 0 | M20: 0 | N20: 0
A21: 18 | B21: RTHTMTPKMFRG10 | C21: 170 | D21: POCKETED FR MEMORY FOAM REGULAR | E21: 0.5 | F21: 6 | G21: 175MM | H21: 32D-HARD-FOAM- | I21: 70MM | J21: 0 | K21: 0 | L21: 0 | M21: 0 | N21: 0
A22: 19 | B22: RTHTMTPKMFRG12 | C22: 170 | D22: POCKETED FR MEMORY FOAM REGULAR | E22: 0.5 | F22: 6 | G22: 175MM | H22: 32D-HARD-FOAM- | I22: 70MM | J22: 0 | K22: 0 | L22: 0 | M22: 0 | N22: 0
A23: 24 | B23: RTHTMTPKRG06 | C23: 110 | D23: POCKETED FR REGULAR | E23: 0.5 | F23: 6 | G23: 115MM | H23: 32D-HARD-FOAM- | I23: 70MM | J23: 0 | K23: 0 | L23: 0 | M23: 0 | N23: 0
A24: 25 | B24: RTHTMTPKRG08 | C24: 130 | D24: POCKETED FR REGULAR | E24: 0.5 | F24: 6 | G24: 135MM | H24: 32D-HARD-FOAM- | I24: 70MM | J24: 0 | K24: 0 | L24: 0 | M24: 0 | N24: 0
A25: 22 | B25: RTHTMTPKRG10 | C25: 150 | D25: POCKETED FR REGULAR | E25: 0.5 | F25: 6 | G25: 155MM | H25: 32D-HARD-FOAM- | I25: 70MM | J25: 0 | K25: 0 | L25: 0 | M25: 0 | N25: 0
... A28: 27 | B28: PEPSITSTPKNL06 | C28: 110 | D28: SERNITO NORMAL | E28: 0.5 | F28: 6 | G28: 115MM | H28: 32D-HARD-FOAM- | I28: 70MM | J28: 0 | K28: 0 | L28: 0 | M28: 0 | N28: 0
B29: PEPSPKSUPNLBL06 | C29: 130 | D29: SUPREME | E29: 0.5 | F29: 6 | G29: 135MM | H29: 32D-HARD-FOAM- | I29: 70MM | J29: 0 | K29: 0 | L29: 0 | M29: 0 | N29: 0
B30: PEPSPKSUPNLBL08 | C30: 150 | D30: SUPREME | E30: 0.5 | F30: 6 | G30: 155MM | H30: 32D-HARD-FOAM- | I30: 70MM | J30: 0 | K30: 0 | L30: 0 | M30: 0 | N30: 0
B31: PEPSPKSUPNLBL10 | C31: 170 | D31: SUPREME | E31: 0.5 | F31: 6 | G31: 175MM | H31: 32D-HARD-FOAM- | I31: 70MM | J31: 0 | K31: 0 | L31: 0 | M31: 0 | N31: 0
A32: 28 | B32: PEPSPKSUPNLGR06 | C32: 130 | D32: SUPREME | E32: 0.5 | F32: 6 | G32: 135MM | H32: 32D-HARD-FOAM- | I32: 70MM | J32: 0 | K32: 0 | L32: 0 | M32: 0 | N32: 0
A33: 29 | B33: PEPSPKSUPNLGR08 | C33: 150 | D33: SUPREME | E33: 0.5 | F33: 6 | G33: 155MM | H33: 32D-HARD-FOAM- | I33: 70MM | J33: 0 | K33: 0 | L33: 0 | M33: 0 | N33: 0
A34: 30 | B34: PEPSPKSUPNLGR10 | C34: 170 | D34: SUPREME | E34: 0.5 | F34: 6 | G34: 175MM | H34: 32D-HARD-FOAM- | I34: 70MM | J34: 0 | K34: 0 | L34: 0 | M34: 0 | N34: 0
A35: 31 | B35: PEPSPKSUPNLBG06 | C35: 130 | D35: SUPREME | E35: 0.5 | F35: 6 | G35: 135MM | H35: 32D-HARD-FOAM- | I35: 70MM | J35: 0 | K35: 0 | L35: 0 | M35: 0 | N35: 0
A36: 32 | B36: PEPSPKSUPNLBG08 | C36: 150 | D36: SUPREME | E36: 0.5 | F36: 6 | G36: 155MM | H36: 32D-HARD-FOAM- | I36: 70MM | J36: 0 | K36: 0 | L36: 0 | M36: 0 | N36: 0
A37: 33 | B37: PEPSPKSUPNLBG10 | C37: 170 | D37: SUPREME | E37: 0.5 | F37: 6 | G37: 175MM | H37: 32D-HARD-FOAM- | I37: 70MM | J37: 0 | K37: 0 | L37: 0 | M37: 0 | N37: 0
A38: 34 | B38: RTPKARPLMFNLBL06 | C38: 130 | D38: ARDENE MEMORY PLUS NORMAL | E38: 0.5 | F38: 6 | G38: 135MM | H38: 32D-HARD-FOAM- | I38: 70MM | J38: 0 | K38: 0 | L38: 0 | M38: 0 | N38: 0
A39: 35 | B39: RTPKARPLMFNLBL08 | C39: 150 | D39: ARDENE MEMORY PLUS NORMAL | E39: 0.5 | F39: 6 | G39: 155MM | H39: 32D-HARD-FOAM- | I39: 70MM | J39: 0 | K39: 0 | L39: 0 | M39: 0 | N39: 0
A40: 36 | B40: RTPKARPLMFNLBL10 | C40: 170 | D40: ARDENE MEMORY PLUS NORMAL | E40: 0.5 | F40: 6 | G40: 175MM | H40: 32D-HARD-FOAM- | I40: 70MM | J40: 0 | K40: 0 | L40: 0 | M40: 0 | N40: 0
A41: 37 | B41: RTPKARPLMFNLGR06 | C41: 130 | D41: ARDENE MEMORY PLUS NORMAL | E41: 0.5 | F41: 6 | G41: 135MM | H41: 32D-HARD-FOAM- | I41: 70MM | J41: 0 | K41: 0 | L41: 0 | M41: 0 | N41: 0
A42: 38 | B42: RTPKARPLMFNLGR08 | C42: 150 | D42: ARDENE MEMORY PLUS NORMAL | E42: 0.5 | F42: 6 | G42: 155MM | H42: 32D-HARD-FOAM- | I42: 70MM | J42: 0 | K42: 0 | L42: 0 | M42: 0 | N42: 0
A43: 39 | B43: RTPKARPLMFNLGR10 | C43: 170 | D43: ARDENE MEMORY PLUS NORMAL | E43: 0.5 | F43: 6 | G43: 175MM | H43: 32D-HARD-FOAM- | I43: 70MM | J43: 0 | K43: 0 | L43: 0 | M43: 0 | N43: 0
... A59: 55 | B59: RTPKARNLCR06 | C59: 110 | D59: ARDENE NORMAL | E59: 0.5 | F59: 6 | G59: 115MM | H59: 32D-HARD-FOAM- | I59: 70MM | J59: 0 | K59: 0 | L59: 0 | M59: 0 | N59: 0
A60: 56 | B60: RTPKARNLLB06 | C60: 110 | D60: ARDENE NORMAL | E60: 0.5 | F60: 6 | G60: 115MM | H60: 32D-HARD-FOAM- | I60: 70MM | J60: 0 | K60: 0 | L60: 0 | M60: 0 | N60: 0 | O60: .
A61: 57 | B61: RTPKFTETBW10 | C61: 150 | D61: FONTAINE EURO TOP | E61: 0.5 | F61: 3.5 | G61: 155MM | H61: 32D-HARD-FOAM- | I61: 40MM | J61: 0 | K61: 0 | L61: 0 | M61: 0 | N61: 0
A62: 58 | B62: RTPKFTETLB10 | C62: 150 | D62: FONTAINE EURO TOP | E62: 0.5 | F62: 3.5 | G62: 155MM | H62: 32D-HARD-FOAM- | I62: 40MM | J62: 0 | K62: 0 | L62: 0 | M62: 0 | N62: 0
A63: 59 | B63: RTPKCLETCR06 | C63: 110 | D63: CAROUSEL EURO TOP | E63: 0.5 | F63: 3.5 | G63: 115MM | H63: 32D-HARD-FOAM- | I63: 40MM | J63: 0 | K63: 0 | L63: 0 | M63: 0 | N63: 0
A64: 60 | B64: RTPKCLETLB06 | C64: 110 | D64: CAROUSEL EURO TOP | E64: 0.5 | F64: 3.5 | G64: 115MM | H64: 32D-HARD-FOAM- | I64: 40MM | J64: 0 | K64: 0 | L64: 0 | M64: 0 | N64: 0
A65: 61 | B65: RTPKARETBW08 | C65: 130 | D65: ARDENE EURO TOP | E65: 0.5 | F65: 3.5 | G65: 135MM | H65: 32D-HARD-FOAM- | I65: 40MM | J65: 0 | K65: 0 | L65: 0 | M65: 0 | N65: 0
A66: 62 | B66: RTPKARETGR08 | C66: 130 | D66: ARDENE EURO TOP | E66: 0.5 | F66: 3.5 | G66: 135MM | H66: 32D-HARD-FOAM- | I66: 40MM | J66: 0 | K66: 0 | L66: 0 | M66: 0 | N66: 0
A67: 65 | B67: RTHTMTPKPT06 | C67: 110 | D67: POCKETED FR PILLOW TOP | E67: 0.5 | F67: 3.5 | G67: 115MM | H67: 32D-HARD-FOAM- | I67: 40MM | J67: 0 | K67: 0 | L67: 0 | M67: 0 | N67: 0
A68: 66 | B68: RTHTMTPKPT08 | C68: 130 | D68: POCKETED FR PILLOW TOP | E68: 0.5 | F68: 3.5 | G68: 135MM | H68: 32D-HARD-FOAM- | I68: 40MM | J68: 0 | K68: 0 | L68: 0 | M68: 0 | N68: 0
A69: 63 | B69: RTHTMTPKPT10 | C69: 150 | D69: POCKETED FR PILLOW TOP | E69: 0.5 | F69: 3.5 | G69: 155MM | H69: 32D-HARD-FOAM- | I69: 40MM | J69: 0 | K69: 0 | L69: 0 | M69: 0 | N69: 0
A70: 64 | B70: RTHTMTPKPT12 | C70: 170 | D70: POCKETED FR PILLOW TOP | E70: 0.5 | F70: 3.5 | G70: 175MM | H70: 32D-HARD-FOAM- | I70: 40MM | J70: 0 | K70: 0 | L70: 0 | M70: 0 | N70: 0
A71: 69 | B71: RTHTMTPKET06 | C71: 130 | D71: POCKETED FR EURO TOP | E71: 0.5 | F71: 3.5 | G71: 135MM | H71: 32D-HARD-FOAM- | I71: 70MM | J71: 0 | K71: 0 | L71: 0 | M71: 0 | N71: 0
A72: 70 | B72: RTHTMTPKET08 | C72: 150 | D72: POCKETED FR EURO TOP | E72: 0.5 | F72: 3.5 | G72: 155MM | H72: 32D-HARD-FOAM- | I72: 70MM | J72: 0 | K72: 0 | L72: 0 | M72: 0 | N72: 0
... A80: 76 | B80: PEPSZENPKPTDB06 | C80: 110 | D80: ZENIMO PILLOW TOP | E80: 0.5 | F80: 3.5 | G80: 115MM | H80: 32D-HARD-FOAM- | I80: 40MM | J80: 0 | K80: 0 | L80: 0 | M80: 0 | N80: 0
B81: PEPSZENPKPTDB08 | C81: 130 | D81: ZENIMO PILLOW TOP | E81: 0.5 | F81: 3.5 | G81: 135MM | H81: 32D-HARD-FOAM- | I81: 40MM | J81: 0 | K81: 0 | L81: 0 | M81: 0 | N81: 0
A82: 77 | B82: RTGPCSBG08 | C82: 130 | D82: CRYSTAL | E82: 0.5 | F82: 3.5 | G82: 135MM | H82: 32D-HARD-FOAM- | I82: 40MM | J82: 0 | K82: 0 | L82: 0 | M82: 0 | N82: 0
A83: 78 | B83: RTGPCSPW08 | C83: 130 | D83: CRYSTAL | E83: 0.5 | F83: 3.5 | G83: 135MM | H83: 32D-HARD-FOAM- | I83: 40MM | J83: 0 | K83: 0 | L83: 0 | M83: 0 | N83: 0
A84: 79 | B84: RTGPCSBG06 | C84: 110 | D84: CRYSTAL | E84: 0.5 | F84: 3.5 | G84: 115MM | H84: 32D-HARD-FOAM- | I84: 40MM | J84: 0 | K84: 0 | L84: 0 | M84: 0 | N84: 0
A85: 80 | B85: RTGPCSPW06 | C85: 110 | D85: CRYSTAL | E85: 0.5 | F85: 3.5 | G85: 115MM | H85: 32D-HARD-FOAM- | I85: 40MM | J85: 0 | K85: 0 | L85: 0 | M85: 0 | N85: 0
A86: 81 | B86: RTGPCSBG10 | C86: 150 | D86: CRYSTAL | E86: 0.5 | F86: 3.5 | G86: 155MM | H86: 32D-HARD-FOAM- | I86: 40MM | J86: 0 | K86: 0 | L86: 0 | M86: 0 | N86: 0
A87: 82 | B87: RTGPCSPW10 | C87: 150 | D87: CRYSTAL | E87: 0.5 | F87: 3.5 | G87: 155MM | H87: 32D-HARD-FOAM- | I87: 40MM | J87: 0 | K87: 0 | L87: 0 | M87: 0 | N87: 0
A88: 83 | B88: RTPKARETPLLB08 | C88: 130 | D88: ARDENE EURO TOP PLUSH | E88: 0.5 | F88: 3.5 | G88: 135MM | H88: 32D-HARD-FOAM- | I88: 40MM | J88: 0 | K88: 0 | L88: 0 | M88: 0 | N88: 0
A89: 84 | B89: RTPKCLETPLCR06 | C89: 110 | D89: CAROUSEL EURO TOP PLUSH | E89: 0.5 | F89: 3.5 | G89: 115MM | H89: 32D-HARD-FOAM- | I89: 40MM | J89: 0 | K89: 0 | L89: 0 | M89: 0 | N89: 0
A90: 85 | B90: RTPKCLETPLLB06 | C90: 110 | D90: CAROUSEL EURO TOP PLUSH | E90: 0.5 | F90: 3.5 | G90: 115MM | H90: 32D-HARD-FOAM- | I90: 40MM | J90: 0 | K90: 0 | L90: 0 | M90: 0 | N90: 0
A91: 86 | B91: RTPKCLPTPLCR06 | C91: 110 | D91: CAROUSEL EURO TOP PLUSH | E91: 0.5 | F91: 3.5 | G91: 115MM | H91: 32D-HARD-FOAM- | I91: 40MM | J91: 0 | K91: 0 | L91: 0 | M91: 0 | N91: 0
A92: 87 | B92: RTPKCLPTPLLB06 | C92: 110 | D92: CAROUSEL EURO TOP PLUSH | E92: 0.5 | F92: 3.5 | G92: 115MM | H92: 32D-HARD-FOAM- | I92: 40MM | J92: 0 | K92: 0 | L92: 0 | M92: 0 | N92: 0
A93: 88 | B93: RTPKCMSTCS06 | C93: 130 | D93: CAMEO | E93: 0.5 | F93: 3.5 | G93: 135MM | H93: 32D-HARD-FOAM- | I93: 40MM | J93: 18D-PU-FOAM- | K93: 10MM | L93: 0 | M93: 0.5 | N93: 0.5
A94: 89 | B94: RTPKCMSTHS06 | C94: 130 | D94: CAMEO | E94: 0.5 | F94: 3.5 | G94: 135MM | H94: 32D-HARD-FOAM- | I94: 40MM | J94: 18D-PU-FOAM- | K94: 10MM | L94: 0 | M94: 0.5 | N94: 0.5
A95: 90 | B95: RTUPGPBW10 | C95: 150 | D95: GRAND PALAIS | E95: 0.5 | F95: 3.5 | G95: 155MM | H95: 32D-HARD-FOAM- | I95: 40MM | J95: 0 | K95: 0 | L95: 0 | M95: 0 | N95: 0
A96: 91 | B96: RTUPGPGR10 | C96: 150 | D96: GRAND PALAIS | E96: 0.5 | F96: 3.5 | G96: 155MM | H96: 32D-HARD-FOAM- | I96: 40MM | J96: 0 | K96: 0 | L96: 0 | M96: 0 | N96: 0
A97: 92 | B97: RTUPGPBW08 | C97: 130 | D97: GRAND PALAIS | E97: 0.5 | F97: 3.5 | G97: 135MM | H97: 32D-HARD-FOAM- | I97: 40MM | J97: 0 | K97: 0 | L97: 0 | M97: 0 | N97: 0
A98: 93 | B98: RTUPGPGR08 | C98: 130 | D98: GRAND PALAIS | E98: 0.5 | F98: 3.5 | G98: 135MM | H98: 32D-HARD-FOAM- | I98: 40MM | J98: 0 | K98: 0 | L98: 0 | M98: 0 | N98: 0
A99: 94 | B99: RTUPGPBW06 | C99: 110 | D99: GRAND PALAIS | E99: 0.5 | F99: 3.5 | G99: 115MM | H99: 32D-HARD-FOAM- | I99: 40MM | J99: 0 | K99: 0 | L99: 0 | M99: 0 | N99: 0
A100: 95 | B100: RTUPGPGR06 | C100: 110 | D100: GRAND PALAIS | E100: 0.5 | F100: 3.5 | G100: 115MM | H100: 32D-HARD-FOAM- | I100: 40MM | J100: 0 | K100: 0 | L100: 0 | M100: 0 | N100: 0
A101: 96 | B101: RTUPGPBW12 | C101: 170 | D101: GRAND PALAIS | E101: 0.5 | F101: 3.5 | G101: 175MM | H101: 32D-HARD-FOAM- | I101: 40MM | J101: 0 | K101: 0 | L101: 0 | M101: 0 | N101: 0
A102: 97 | B102: RTUPGPGR12 | C102: 170 | D102: GRAND PALAIS | E102: 0.5 | F102: 3.5 | G102: 175MM | H102: 32D-HARD-FOAM- | I102: 40MM | J102: 0 | K102: 0 | L102: 0 | M102: 0 | N102: 0
A103: 98 | B103: RTVHETPT08 | C103: 130 | D103: VIVAH | E103: 0.5 | F103: 3.5 | G103: 135MM | H103: 32D-HARD-FOAM- | I103: 40MM | J103: 0 | K103: 0 | L103: 0 | M103: 0 | N103: 0
A104: 99 | B104: RTVHETPT10 | C104: 150 | D104: VIVAH | E104: 0.5 | F104: 3.5 | G104: 155MM | H104: 32D-HARD-FOAM- | I104: 40MM | J104: 0 | K104: 0 | L104: 0 | M104: 0 | N104: 0
A105: 100 | B105: RTVHETPT12 | C105: 170 | D105: VIVAH | E105: 0.5 | F105: 3.5 | G105: 175MM | H105: 32D-HARD-FOAM- | I105: 40MM | J105: 0 | K105: 0 | L105: 0 | M105: 0 | N105: 0
A106: 101 | B106: RTVHETET08 | C106: 130 | D106: VIVAH | E106: 0.5 | F106: 3.5 | G106: 175MM | H106: 32D-HARD-FOAM- | I106: 40MM | J106: 0 | K106: 0 | L106: 0 | M106: 0 | N106: 0
... A127: 122 | B127: RTPKARPLMFPTPR10 | C127: 150 | D127: ARDENE MEMORY PLUS PILLOWTOP | E127: 0.5 | F127: 6 | G127: 155MM | H127: 32D-HARD-FOAM- | I127: 70MM | J127: 0 | K127: 0 | L127: 0 | M127: 0 | N127: 0
A128: 123 | B128: RTPKCMULTSTCS06 | C128: 130 | D128: CAMEO | E128: 0.5 | F128: 3.5 | G128: 135MM | H128: 32D-HARD-FOAM- | I128: 40MM | J128: 18D-PU-FOAM- | K128: 10MM | L128: 0 | M128: 0.5 | N128: 0.5
A129: 124 | B129: RTPKCMULTSTCS08 | C129: 130 | D129: CAMEO | E129: 0.5 | F129: 3.5 | G129: 135MM | H129: 32D-HARD-FOAM- | I129: 40MM | J129: 18D-PU-FOAM- | K129: 10MM | L129: 0 | M129: 0.5 | N129: 0.5
A130: 125 | B130: PEPSITICOPKCT08 | C130: 130 | D130: ICONA CROWN TOP | E130: 0.5 | F130: 3.5 | G130: 135MM | H130: 32D-HARD-FOAM- | I130: 40MM | J130: 18D-PU-FOAM- | K130: 10MM | L130: 0 | M130: 0.5 | N130: 0.5
A131: 126 | B131: PEPSITICOPKCT10 | C131: 150 | D131: ICONA CROWN TOP | E131: 0.5 | F131: 3.5 | G131: 155MM | H131: 32D-HARD-FOAM- | I131: 40MM | J131: 18D-PU-FOAM- | K131: 10MM | L131: 0 | M131: 0.5 | N131: 0.5
A132: 127 | B132: PEPSITICOPKCT12 | C132: 170 | D132: ICONA CROWN TOP | E132: 0.5 | F132: 3.5 | G132: 175MM | H132: 32D-HARD-FOAM- | I132: 40MM | J132: 18D-PU-FOAM- | K132: 10MM | L132: 15MM | M132: 0.5 | N132: 0.5
A133: 128 | B133: PEPSITMGPKFT08 | C133: 130 | D133: MAGNIFICO FAUXTOP | E133: 0.5 | F133: 3.5 | G133: 135MM | H133: 32D-HARD-FOAM- | I133: 40MM | J133: 0 | K133: 0 | L133: 0 | M133: 0 | N133: 0
A134: 129 | B134: PEPSITMGPKFT10 | C134: 150 | D134: MAGNIFICO FAUXTOP | E134: 0.5 | F134: 3.5 | G134: 155MM | H134: 32D-HARD-FOAM- | I134: 40MM | J134: 0 | K134: 0 | L134: 0 | M134: 0 | N134: 0
A135: 130 | B135: PEPSITMGPKFT12 | C135: 170 | D135: MAGNIFICO FAUXTOP | E135: 0.5 | F135: 3.5 | G135: 175MM | H135: 32D-HARD-FOAM- | I135: 40MM | J135: 0 | K135: 0 | L135: 0 | M135: 0 | N135: 0
A136: 131 | B136: SKSGSR08 | C136: 130 | D136: SPINE GUARD | E136: 0.5 | F136: 6 | G136: 135MM | H136: 32D-HARD-FOAM- | I136: 70MM | J136: 100D-RB-FOAM- | K136: 20MM | L136: 20MM | M136: 0.5 | N136: 0.5
A137: 132 | B137: SKSGSR10 | C137: 170 | D137: SPINE GUARD | E137: 0.5 | F137: 6 | G137: 175MM | H137: 32D-HARD-FOAM- | I137: 70MM | J137: 100D-RB-FOAM- | K137: 20MM | L137: 20MM | M137: 0.5 | N137: 0.5
A138: 133 | B138: HYPCASBNNLMR10 | C138: 170 | D138: CASPIA | E138: 0.5 | F138: 6 | G138: 175MM | H138: 32D-HARD-FOAM- | I138: 70MM | J138: 0 | K138: 0 | L138: 0 | M138: 0 | N138: 0
A139: 134 | B139: HYPCASBNNLMR06 | C139: 130 | D139: CASPIA | E139: 0.5 | F139: 6 | G139: 135MM | H139: 32D-HARD-FOAM- | I139: 70MM | J139: 0 | K139: 0 | L139: 0 | M139: 0 | N139: 0
A140: 135 | B140: HYPCASBNNLMR08 | C140: 150 | D140: CASPIA | E140: 0.5 | F140: 6 | G140: 155MM | H140: 32D-HARD-FOAM- | I140: 70MM | J140: 0 | K140: 0 | L140: 0 | M140: 0 | N140: 0
A141: 136 | B141: HYPCASBNNLNB10 | C141: 170 | D141: CASPIA | E141: 0.5 | F141: 6 | G141: 175MM | H141: 32D-HARD-FOAM- | I141: 70MM | J141: 0 | K141: 0 | L141: 0 | M141: 0 | N141: 0
A142: 137 | B142: HYPCASBNNLNB06 | C142: 130 | D142: CASPIA | E142: 0.5 | F142: 6 | G142: 135MM | H142: 32D-HARD-FOAM- | I142: 70MM | J142: 0 | K142: 0 | L142: 0 | M142: 0 | N142: 0
A143: 138 | B143: HYPCASBNNLNB08 | C143: 150 | D143: CASPIA | E143: 0.5 | F143: 6 | G143: 155MM | H143: 32D-HARD-FOAM- | I143: 70MM | J143: 0 | K143: 0 | L143: 0 | M143: 0 | N143: 0
A144: 139 | B144: RTBNGVBG08 | C144: 130 | D144: GENEVA NORMAL | E144: 0.5 | F144: 6 | G144: 135MM | H144: 32D-HARD-FOAM- | I144: 70MM | J144: 0 | K144: 0 | L144: 0 | M144: 0 | N144: 0
...

Sheet ALL ITEM CODE1
A1: S.NO | B1: UNIT SIZE | C1: DENSITY | D1: LENGTH | E1: HEIGHT | F1: FOAM SIZE | G1: ITEM CODE | H1: WEIGHT | I1: QTY | J1: TOTAL WEIGHT | L1: S.NO | M1: UNIT SIZE | N1: DENSITY | O1: LENGTH | P1: HEIGHT | Q1: FOAM SIZE | R1: ITEM CODE | S1: WEIGHT | T1: QTY | U1: TOTAL WEIGHT | W1: S.NO | X1: UNIT SIZE | Y1: DENSITY | Z1: LENGTH | AA1: WIDTH | AB1: THICKNESS | AC1: ITEM CODE | AD1: WEIGHT | AE1: QTY | AF1: TOTAL WEIGHT | AH1: S.NO | AI1: UNIT SIZE | AJ1: DENSITY | AK1: LENGTH | AL1: WIDTH | AM1: THICKNESS | AN1: ITEM CODE | AO1: WEIGHT | AP1: QTY | AQ1: TOTAL WEIGHT
A2: 1 | B2: 72 | C2: 40 | D2: 71.5 | E2: 115 | F2: 40 | G2: 40D-PU-FOAM-71.50X115MMX40MM | H2: =ROUND(C2*D2*0.0254*E2/1000*F2/1000,3) -> 0.334 | J2: =+H2*I2 -> 0 | L2: 1 | M2: 30 | N2: 40 | O2: 26.5 | P2: 115 | Q2: 40 | R2: 40D-PU-FOAM-26.50X115MMX40MM | S2: =ROUND(N2*O2*0.0254*P2/1000*Q2/1000,3) -> 0.124 | U2: =+S2*T2 -> 0 | W2: 1 | X2: 72X30 | Y2: 32 | Z2: 71.5 | AA2: 29.5 | AB2: 10 | AC2: 32D-PU-FOAM-71.50X29.50X10MM | AD2: =+ROUND((Y2*Z2*0.0254*AA2*0.0254*(AB2/1000)),3) -> 0.435 | AF2: =+AD2*AE2 -> 0 | AH2: 1 | AI2: 72X30 | AJ2: 100 | AK2: 71.5 | AL2: 29.5 | AM2: 20 | AN2: 100D-RB-FOAM-71.50X29.50X20MM | AO2: =+ROUND((AJ2*AK2*0.0254*AL2*0.0254*(AM2/1000)),3) -> 2.722 | AQ2: =+AO2*AP2 -> 0
A3: 2 | B3: 75 | C3: 40 | D3: 74.5 | E3: 115 | F3: 40 | G3: 40D-PU-FOAM-74.50X115MMX40MM | H3: =ROUND(C3*D3*0.0254*E3/1000*F3/1000,3) -> 0.348 | J3: =+H3*I3 -> 0 | L3: 2 | M3: 33 | N3: 40 | O3: 29.5 | P3: 115 | Q3: 40 | R3: 40D-PU-FOAM-29.50X115MMX40MM | S3: =ROUND(N3*O3*0.0254*P3/1000*Q3/1000,3) -> 0.138 | U3: =+S3*T3 -> 0 | W3: 2 | X3: 72X33 | Y3: 32 | Z3: 71.5 | AA3: 32.5 | AB3: 10 | AC3: 32D-PU-FOAM-71.50X32.50X10MM | AD3: =+ROUND((Y3*Z3*0.0254*AA3*0.0254*(AB3/1000)),3) -> 0.48 | AF3: =+AD3*AE3 -> 0 | AH3: 2 | AI3: 72X33 | AJ3: 100 | AK3: 71.5 | AL3: 32.5 | AM3: 20 | AN3: 100D-RB-FOAM-71.50X32.50X20MM | AO3: =+ROUND((AJ3*AK3*0.0254*AL3*0.0254*(AM3/1000)),3) -> 2.998 | AQ3: =+AO3*AP3 -> 0
A4: 3 | B4: 78 | C4: 40 | D4: 77.5 | E4: 115 | F4: 40 | G4: 40D-PU-FOAM-77.50X115MMX40MM | H4: =ROUND(C4*D4*0.0254*E4/1000*F4/1000,3) -> 0.362 | J4: =+H4*I4 -> 0 | L4: 3 | M4: 36 | N4: 40 | O4: 32.5 | P4: 115 | Q4: 40 | R4: 40D-PU-FOAM-32.50X115MMX40MM | S4: =ROUND(N4*O4*0.0254*P4/1000*Q4/1000,3) -> 0.152 | U4: =+S4*T4 -> 0 | W4: 3 | X4: 72X36 | Y4: 32 | Z4: 71.5 | AA4: 35.5 | AB4: 10 | AC4: 32D-PU-FOAM-71.50X35.50X10MM | AD4: =+ROUND((Y4*Z4*0.0254*AA4*0.0254*(AB4/1000)),3) -> 0.524 | AF4: =+AD4*AE4 -> 0 | AH4: 3 | AI4: 72X36 | AJ4: 100 | AK4: 71.5 | AL4: 35.5 | AM4: 20 | AN4: 100D-RB-FOAM-71.50X35.50X20MM | AO4: =+ROUND((AJ4*AK4*0.0254*AL4*0.0254*(AM4/1000)),3) -> 3.275 | AQ4: =+AO4*AP4 -> 0
A5: 4 | B5: 80 | C5: 40 | D5: 79.5 | E5: 115 | F5: 40 | G5: 40D-PU-FOAM-79.50X115MMX40MM | H5: =ROUND(C5*D5*0.0254*E5/1000*F5/1000,3) -> 0.372 | J5: =+H5*I5 -> 0 | L5: 4 | M5: 39 | N5: 40 | O5: 35.5 | P5: 115 | Q5: 40 | R5: 40D-PU-FOAM-35.50X115MMX40MM | S5: =ROUND(N5*O5*0.0254*P5/1000*Q5/1000,3) -> 0.166 | U5: =+S5*T5 -> 0 | W5: 4 | X5: 72X39 | Y5: 32 | Z5: 71.5 | AA5: 38.5 | AB5: 10 | AC5: 32D-PU-FOAM-71.50X38.50X10MM | AD5: =+ROUND((Y5*Z5*0.0254*AA5*0.0254*(AB5/1000)),3) -> 0.568 | AF5: =+AD5*AE5 -> 0 | AH5: 4 | AI5: 72X39 | AJ5: 100 | AK5: 71.5 | AL5: 38.5 | AM5: 20 | AN5: 100D-RB-FOAM-71.50X38.50X20MM | AO5: =+ROUND((AJ5*AK5*0.0254*AL5*0.0254*(AM5/1000)),3) -> 3.552 | AQ5: =+AO5*AP5 -> 0
A6: 5 | B6: 84 | C6: 40 | D6: 83.5 | E6: 115 | F6: 40 | G6: 40D-PU-FOAM-83.50X115MMX40MM | H6: =ROUND(C6*D6*0.0254*E6/1000*F6/1000,3) -> 0.39 | J6: =+H6*I6 -> 0 | L6: 5 | M6: 42 | N6: 40 | O6: 38.5 | P6: 115 | Q6: 40 | R6: 40D-PU-FOAM-38.50X115MMX40MM | S6: =ROUND(N6*O6*0.0254*P6/1000*Q6/1000,3) -> 0.18 | U6: =+S6*T6 -> 0 | W6: 5 | X6: 72X42 | Y6: 32 | Z6: 71.5 | AA6: 41.5 | AB6: 10 | AC6: 32D-PU-FOAM-71.50X41.50X10MM | AD6: =+ROUND((Y6*Z6*0.0254*AA6*0.0254*(AB6/1000)),3) -> 0.613 | AF6: =+AD6*AE6 -> 0 | AH6: 5 | AI6: 72X42 | AJ6: 100 | AK6: 71.5 | AL6: 41.5 | AM6: 20 | AN6: 100D-RB-FOAM-71.50X41.50X20MM | AO6: =+ROUND((AJ6*AK6*0.0254*AL6*0.0254*(AM6/1000)),3) -> 3.829 | AQ6: =+AO6*AP6 -> 0
A7: 6 | B7: 13 | C7: 40 | D7: 12.5 | E7: 115 | F7: 40 | G7: 40D-PU-FOAM-12.50X115MMX40MM | H7: =ROUND(C7*D7*0.0254*E7/1000*F7/1000,3) -> 0.058 | J7: =+H7*I7 -> 0 | L7: 6 | M7: 45 | N7: 40 | O7: 41.5 | P7: 115 | Q7: 40 | R7: 40D-PU-FOAM-41.50X115MMX40MM | S7: =ROUND(N7*O7*0.0254*P7/1000*Q7/1000,3) -> 0.194 | U7: =+S7*T7 -> 0 | W7: 6 | X7: 72X45 | Y7: 32 | Z7: 71.5 | AA7: 44.5 | AB7: 10 | AC7: 32D-PU-FOAM-71.50X44.50X10MM | AD7: =+ROUND((Y7*Z7*0.0254*AA7*0.0254*(AB7/1000)),3) -> 0.657 | AF7: =+AD7*AE7 -> 0 | AH7: 6 | AI7: 72X45 | AJ7: 100 | AK7: 71.5 | AL7: 44.5 | AM7: 20 | AN7: 100D-RB-FOAM-71.50X44.50X20MM | AO7: =+ROUND((AJ7*AK7*0.0254*AL7*0.0254*(AM7/1000)),3) -> 4.105 | AQ7: =+AO7*AP7 -> 0
A8: 7 | B8: 20 | C8: 40 | D8: 19.5 | E8: 115 | F8: 40 | G8: 40D-PU-FOAM-19.50X115MMX40MM | H8: =ROUND(C8*D8*0.0254*E8/1000*F8/1000,3) -> 0.091 | J8: =+H8*I8 -> 0 | L8: 7 | M8: 48 | N8: 40 | O8: 44.5 | P8: 115 | Q8: 40 | R8: 40D-PU-FOAM-44.50X115MMX40MM | S8: =ROUND(N8*O8*0.0254*P8/1000*Q8/1000,3) -> 0.208 | U8: =+S8*T8 -> 0 | W8: 7 | X8: 72X48 | Y8: 32 | Z8: 71.5 | AA8: 47.5 | AB8: 10 | AC8: 32D-PU-FOAM-71.50X47.50X10MM | AD8: =+ROUND((Y8*Z8*0.0254*AA8*0.0254*(AB8/1000)),3) -> 0.701 | AF8: =+AD8*AE8 -> 0 | AH8: 7 | AI8: 72X48 | AJ8: 100 | AK8: 71.5 | AL8: 47.5 | AM8: 20 | AN8: 100D-RB-FOAM-71.50X47.50X20MM | AO8: =+ROUND((AJ8*AK8*0.0254*AL8*0.0254*(AM8/1000)),3) -> 4.382 | AQ8: =+AO8*AP8 -> 0
A9: 8 | B9: 72 | C9: 40 | D9: 71.5 | E9: 135 | F9: 40 | G9: 40D-PU-FOAM-71.50X135MMX40MM | H9: =ROUND(C9*D9*0.0254*E9/1000*F9/1000,3) -> 0.392 | J9: =+H9*I9 -> 0 | L9: 8 | M9: 51 | N9: 40 | O9: 47.5 | P9: 115 | Q9: 40 | R9: 40D-PU-FOAM-47.50X115MMX40MM | S9: =ROUND(N9*O9*0.0254*P9/1000*Q9/1000,3) -> 0.222 | U9: =+S9*T9 -> 0 | W9: 8 | X9: 72X51 | Y9: 32 | Z9: 71.5 | AA9: 50.5 | AB9: 10 | AC9: 32D-PU-FOAM-71.50X50.50X10MM | AD9: =+ROUND((Y9*Z9*0.0254*AA9*0.0254*(AB9/1000)),3) -> 0.745 | AF9: =+AD9*AE9 -> 0 | AH9: 8 | AI9: 72X51 | AJ9: 100 | AK9: 71.5 | AL9: 50.5 | AM9: 20 | AN9: 100D-RB-FOAM-71.50X50.50X20MM | AO9: =+ROUND((AJ9*AK9*0.0254*AL9*0.0254*(AM9/1000)),3) -> 4.659 | AQ9: =+AO9*AP9 -> 0
A10: 9 | B10: 75 | C10: 40 | D10: 74.5 | E10: 135 | F10: 40 | G10: 40D-PU-FOAM-74.50X135MMX40MM | H10: =ROUND(C10*D10*0.0254*E10/1000*F10/1000,3) -> 0.409 | J10: =+H10*I10 -> 0 | L10: 9 | M10: 54 | N10: 40 | O10: 50.5 | P10: 115 | Q10: 40 | R10: 40D-PU-FOAM-50.50X115MMX40MM | S10: =ROUND(N10*O10*0.0254*P10/1000*Q10/1000,3) -> 0.236 | U10: =+S10*T10 -> 0 | W10: 9 | X10: 72X54 | Y10: 32 | Z10: 71.5 | AA10: 53.5 | AB10: 10 | AC10: 32D-PU-FOAM-71.50X53.50X10MM | AD10: =+ROUND((Y10*Z10*0.0254*AA10*0.0254*(AB10/1000)),3) -> 0.79 | AF10: =+AD10*AE10 -> 0 | AH10: 9 | AI10: 72X54 | AJ10: 100 | AK10: 71.5 | AL10: 53.5 | AM10: 20 | AN10: 100D-RB-FOAM-71.50X53.50X20MM | AO10: =+ROUND((AJ10*AK10*0.0254*AL10*0.0254*(AM10/1000)),3) -> 4.936 | AQ10: =+AO10*AP10 -> 0
A11: 10 | B11: 78 | C11: 40 | D11: 77.5 | E11: 135 | F11: 40 | G11: 40D-PU-FOAM-77.50X135MMX40MM | H11: =ROUND(C11*D11*0.0254*E11/1000*F11/1000,3) -> 0.425 | J11: =+H11*I11 -> 0 | L11: 10 | M11: 57 | N11: 40 | O11: 53.5 | P11: 115 | Q11: 40 | R11: 40D-PU-FOAM-53.50X115MMX40MM | S11: =ROUND(N11*O11*0.0254*P11/1000*Q11/1000,3) -> 0.25 | U11: =+S11*T11 -> 0 | W11: 10 | X11: 72X57 | Y11: 32 | Z11: 71.5 | AA11: 56.5 | AB11: 10 | AC11: 32D-PU-FOAM-71.50X56.50X10MM | AD11: =+ROUND((Y11*Z11*0.0254*AA11*0.0254*(AB11/1000)),3) -> 0.834 | AF11: =+AD11*AE11 -> 0 | AH11: 10 | AI11: 72X57 | AJ11: 100 | AK11: 71.5 | AL11: 56.5 | AM11: 20 | AN11: 100D-RB-FOAM-71.50X56.50X20MM | AO11: =+ROUND((AJ11*AK11*0.0254*AL11*0.0254*(AM11/1000)),3) -> 5.213 | AQ11: =+AO11*AP11 -> 0
A12: 11 | B12: 80 | C12: 40 | D12: 79.5 | E12: 135 | F12: 40 | G12: 40D-PU-FOAM-79.50X135MMX40MM | H12: =ROUND(C12*D12*0.0254*E12/1000*F12/1000,3) -> 0.436 | J12: =+H12*I12 -> 0 | L12: 11 | M12: 60 | N12: 40 | O12: 56.5 | P12: 115 | Q12: 40 | R12: 40D-PU-FOAM-56.50X115MMX40MM | S12: =ROUND(N12*O12*0.0254*P12/1000*Q12/1000,3) -> 0.264 | U12: =+S12*T12 -> 0 | W12: 11 | X12: 72X60 | Y12: 32 | Z12: 71.5 | AA12: 59.5 | AB12: 10 | AC12: 32D-PU-FOAM-71.50X59.50X10MM | AD12: =+ROUND((Y12*Z12*0.0254*AA12*0.0254*(AB12/1000)),3) -> 0.878 | AF12: =+AD12*AE12 -> 0 | AH12: 11 | AI12: 72X60 | AJ12: 100 | AK12: 71.5 | AL12: 59.5 | AM12: 20 | AN12: 100D-RB-FOAM-71.50X59.50X20MM | AO12: =+ROUND((AJ12*AK12*0.0254*AL12*0.0254*(AM12/1000)),3) -> 5.489 | AQ12: =+AO12*AP12 -> 0
A13: 12 | B13: 84 | C13: 40 | D13: 83.5 | E13: 135 | F13: 40 | G13: 40D-PU-FOAM-83.50X135MMX40MM | H13: =ROUND(C13*D13*0.0254*E13/1000*F13/1000,3) -> 0.458 | J13: =+H13*I13 -> 0 | L13: 12 | M13: 63 | N13: 40 | O13: 59.5 | P13: 115 | Q13: 40 | R13: 40D-PU-FOAM-59.50X115MMX40MM | S13: =ROUND(N13*O13*0.0254*P13/1000*Q13/1000,3) -> 0.278 | U13: =+S13*T13 -> 0 | W13: 12 | X13: 72X63 | Y13: 32 | Z13: 71.5 | AA13: 62.5 | AB13: 10 | AC13: 32D-PU-FOAM-71.50X62.50X10MM | AD13: =+ROUND((Y13*Z13*0.0254*AA13*0.0254*(AB13/1000)),3) -> 0.923 | AF13: =+AD13*AE13 -> 0 | AH13: 12 | AI13: 72X63 | AJ13: 100 | AK13: 71.5 | AL13: 62.5 | AM13: 20 | AN13: 100D-RB-FOAM-71.50X62.50X20MM | AO13: =+ROUND((AJ13*AK13*0.0254*AL13*0.0254*(AM13/1000)),3) -> 5.766 | AQ13: =+AO13*AP13 -> 0
... A78: 77 | B78: 20 | C78: 32 | D78: 19.5 | E78: 115 | F78: 75 | G78: 32D-PU-FOAM-19.50X115MMX75MM | H78: =ROUND(C78*D78*0.0254*E78/1000*F78/1000,3) -> 0.137 | J78: =+H78*I78 -> 0 | L78: 77 | M78: 54 | N78: 40 | O78: 50.5 | P78: 205 | Q78: 40 | R78: 40D-PU-FOAM-50.50X205MMX40MM | S78: =ROUND(N78*O78*0.0254*P78/1000*Q78/1000,3) -> 0.421 | U78: =+S78*T78 -> 0 | W78: 77 | X78: 20X18 | Y78: 32 | Z78: 19.5 | AA78: 17.5 | AB78: 10 | AC78: 32D-PU-FOAM-19.50X17.50X10MM | AD78: =+ROUND((Y78*Z78*0.0254*AA78*0.0254*(AB78/1000)),3) -> 0.07 | AF78: =+AD78*AE78 -> 0 | AH78: 77 | AI78: 20X18 | AJ78: 100 | AK78: 19.5 | AL78: 17.5 | AM78: 20 | AN78: 100D-RB-FOAM-19.50X17.50X20MM | AO78: =+ROUND((AJ78*AK78*0.0254*AL78*0.0254*(AM78/1000)),3) -> 0.44 | AQ78: =+AO78*AP78 -> 0
A79: 78 | B79: 72 | C79: 32 | D79: 71.5 | E79: 155 | F79: 75 | G79: 32D-PU-FOAM-71.50X155MMX75MM | H79: =ROUND(C79*D79*0.0254*E79/1000*F79/1000,3) -> 0.676 | J79: =+H79*I79 -> 0 | L79: 78 | M79: 57 | N79: 40 | O79: 53.5 | P79: 205 | Q79: 40 | R79: 40D-PU-FOAM-53.50X205MMX40MM | S79: =ROUND(N79*O79*0.0254*P79/1000*Q79/1000,3) -> 0.446 | U79: =+S79*T79 -> 0 | W79: 1 | X79: 72X30 | Y79: 18 | Z79: 71.5 | AA79: 29.5 | AB79: 10 | AC79: 18D-PU-FOAM-71.50X29.50X10MM | AD79: =+ROUND((Y79*Z79*0.0254*AA79*0.0254*(AB79/1000)),3) -> 0.245 | AF79: =+AD79*AE79 -> 0
A80: 79 | B80: 75 | C80: 32 | D80: 74.5 | E80: 155 | F80: 75 | G80: 32D-PU-FOAM-74.50X155MMX75MM | H80: =ROUND(C80*D80*0.0254*E80/1000*F80/1000,3) -> 0.704 | J80: =+H80*I80 -> 0 | L80: 79 | M80: 60 | N80: 40 | O80: 56.5 | P80: 205 | Q80: 40 | R80: 40D-PU-FOAM-56.50X205MMX40MM | S80: =ROUND(N80*O80*0.0254*P80/1000*Q80/1000,3) -> 0.471 | U80: =+S80*T80 -> 0 | W80: 2 | X80: 72X33 | Y80: 18 | Z80: 71.5 | AA80: 32.5 | AB80: 10 | AC80: 18D-PU-FOAM-71.50X32.50X10MM | AD80: =+ROUND((Y80*Z80*0.0254*AA80*0.0254*(AB80/1000)),3) -> 0.27 | AF80: =+AD80*AE80 -> 0
A81: 80 | B81: 78 | C81: 32 | D81: 77.5 | E81: 155 | F81: 75 | G81: 32D-PU-FOAM-77.50X155MMX75MM | H81: =ROUND(C81*D81*0.0254*E81/1000*F81/1000,3) -> 0.732 | J81: =+H81*I81 -> 0 | L81: 80 | M81: 63 | N81: 40 | O81: 59.5 | P81: 205 | Q81: 40 | R81: 40D-PU-FOAM-59.50X205MMX40MM | S81: =ROUND(N81*O81*0.0254*P81/1000*Q81/1000,3) -> 0.496 | U81: =+S81*T81 -> 0 | W81: 3 | X81: 72X36 | Y81: 18 | Z81: 71.5 | AA81: 35.5 | AB81: 10 | AC81: 18D-PU-FOAM-71.50X35.50X10MM | AD81: =+ROUND((Y81*Z81*0.0254*AA81*0.0254*(AB81/1000)),3) -> 0.295 | AF81: =+AD81*AE81 -> 0
A82: 81 | B82: 80 | C82: 32 | D82: 79.5 | E82: 155 | F82: 75 | G82: 32D-PU-FOAM-79.50X155MMX75MM | H82: =ROUND(C82*D82*0.0254*E82/1000*F82/1000,3) -> 0.751 | J82: =+H82*I82 -> 0 | L82: 81 | M82: 66 | N82: 40 | O82: 62.5 | P82: 205 | Q82: 40 | R82: 40D-PU-FOAM-62.50X205MMX40MM | S82: =ROUND(N82*O82*0.0254*P82/1000*Q82/1000,3) -> 0.521 | U82: =+S82*T82 -> 0 | W82: 4 | X82: 72X39 | Y82: 18 | Z82: 71.5 | AA82: 38.5 | AB82: 10 | AC82: 18D-PU-FOAM-71.50X38.50X10MM | AD82: =+ROUND((Y82*Z82*0.0254*AA82*0.0254*(AB82/1000)),3) -> 0.32 | AF82: =+AD82*AE82 -> 0
A83: 82 | B83: 84 | C83: 32 | D83: 83.5 | E83: 155 | F83: 75 | G83: 32D-PU-FOAM-83.50X155MMX75MM | H83: =ROUND(C83*D83*0.0254*E83/1000*F83/1000,3) -> 0.789 | J83: =+H83*I83 -> 0 | L83: 82 | M83: 69 | N83: 40 | O83: 65.5 | P83: 205 | Q83: 40 | R83: 40D-PU-FOAM-65.50X205MMX40MM | S83: =ROUND(N83*O83*0.0254*P83/1000*Q83/1000,3) -> 0.546 | U83: =+S83*T83 -> 0 | W83: 5 | X83: 72X42 | Y83: 18 | Z83: 71.5 | AA83: 41.5 | AB83: 10 | AC83: 18D-PU-FOAM-71.50X41.50X10MM | AD83: =+ROUND((Y83*Z83*0.0254*AA83*0.0254*(AB83/1000)),3) -> 0.345 | AF83: =+AD83*AE83 -> 0
A84: 83 | B84: 13 | C84: 32 | D84: 12.5 | E84: 155 | F84: 75 | G84: 32D-PU-FOAM-12.50X155MMX75MM | H84: =ROUND(C84*D84*0.0254*E84/1000*F84/1000,3) -> 0.118 | J84: =+H84*I84 -> 0 | L84: 83 | M84: 72 | N84: 40 | O84: 68.5 | P84: 205 | Q84: 40 | R84: 40D-PU-FOAM-68.50X205MMX40MM | S84: =ROUND(N84*O84*0.0254*P84/1000*Q84/1000,3) -> 0.571 | U84: =+S84*T84 -> 0 | W84: 6 | X84: 72X45 | Y84: 18 | Z84: 71.5 | AA84: 44.5 | AB84: 10 | AC84: 18D-PU-FOAM-71.50X44.50X10MM | AD84: =+ROUND((Y84*Z84*0.0254*AA84*0.0254*(AB84/1000)),3) -> 0.369 | AF84: =+AD84*AE84 -> 0 | AN84: =+AO79*2 -> 0
A85: 84 | B85: 20 | C85: 32 | D85: 19.5 | E85: 155 | F85: 75 | G85: 32D-PU-FOAM-19.50X155MMX75MM | H85: =ROUND(C85*D85*0.0254*E85/1000*F85/1000,3) -> 0.184 | J85: =+H85*I85 -> 0 | L85: 84 | M85: 13 | N85: 40 | O85: 9.5 | P85: 205 | Q85: 40 | R85: 40D-PU-FOAM-9.50X205MMX40MM | S85: =ROUND(N85*O85*0.0254*P85/1000*Q85/1000,3) -> 0.079 | U85: =+S85*T85 -> 0 | W85: 7 | X85: 72X48 | Y85: 18 | Z85: 71.5 | AA85: 47.5 | AB85: 10 | AC85: 18D-PU-FOAM-71.50X47.50X10MM | AD85: =+ROUND((Y85*Z85*0.0254*AA85*0.0254*(AB85/1000)),3) -> 0.394 | AF85: =+AD85*AE85 -> 0
A86: 85 | B86: 72 | C86: 32 | D86: 71.5 | E86: 135 | F86: 75 | G86: 32D-PU-FOAM-71.50X135MMX75MM | H86: =ROUND(C86*D86*0.0254*E86/1000*F86/1000,3) -> 0.588 | J86: =+H86*I86 -> 0 | L86: 85 | M86: 18 | N86: 40 | O86: 14.5 | P86: 205 | Q86: 40 | R86: 40D-PU-FOAM-14.50X205MMX40MM | S86: =ROUND(N86*O86*0.0254*P86/1000*Q86/1000,3) -> 0.121 | U86: =+S86*T86 -> 0 | W86: 8 | X86: 72X51 | Y86: 18 | Z86: 71.5 | AA86: 50.5 | AB86: 10 | AC86: 18D-PU-FOAM-71.50X50.50X10MM | AD86: =+ROUND((Y86*Z86*0.0254*AA86*0.0254*(AB86/1000)),3) -> 0.419 | AF86: =+AD86*AE86 -> 0
A87: 86 | B87: 75 | C87: 32 | D87: 74.5 | E87: 135 | F87: 75 | G87: 32D-PU-FOAM-74.50X135MMX75MM | H87: =ROUND(C87*D87*0.0254*E87/1000*F87/1000,3) -> 0.613 | J87: =+H87*I87 -> 0 | L87: 1 | M87: 30 | N87: 40 | O87: 24 | P87: 115 | Q87: 75 | R87: 40D-PU-FOAM-24X115MMX75MM | S87: =ROUND(N87*O87*0.0254*P87/1000*Q87/1000,3) -> 0.21 | U87: =+S87*T87 -> 0 | W87: 9 | X87: 72X54 | Y87: 18 | Z87: 71.5 | AA87: 53.5 | AB87: 10 | AC87: 18D-PU-FOAM-71.50X53.50X10MM | AD87: =+ROUND((Y87*Z87*0.0254*AA87*0.0254*(AB87/1000)),3) -> 0.444 | AF87: =+AD87*AE87 -> 0
A88: 87 | B88: 78 | C88: 32 | D88: 77.5 | E88: 135 | F88: 75 | G88: 32D-PU-FOAM-77.50X135MMX75MM | H88: =ROUND(C88*D88*0.0254*E88/1000*F88/1000,3) -> 0.638 | J88: =+H88*I88 -> 0 | L88: 2 | M88: 33 | N88: 40 | O88: 27 | P88: 115 | Q88: 75 | R88: 40D-PU-FOAM-27X115MMX75MM | S88: =ROUND(N88*O88*0.0254*P88/1000*Q88/1000,3) -> 0.237 | U88: =+S88*T88 -> 0 | W88: 10 | X88: 72X57 | Y88: 18 | Z88: 71.5 | AA88: 56.5 | AB88: 10 | AC88: 18D-PU-FOAM-71.50X56.50X10MM | AD88: =+ROUND((Y88*Z88*0.0254*AA88*0.0254*(AB88/1000)),3) -> 0.469 | AF88: =+AD88*AE88 -> 0
A89: 88 | B89: 80 | C89: 32 | D89: 79.5 | E89: 135 | F89: 75 | G89: 32D-PU-FOAM-79.50X135MMX75MM | H89: =ROUND(C89*D89*0.0254*E89/1000*F89/1000,3) -> 0.654 | J89: =+H89*I89 -> 0 | L89: 3 | M89: 36 | N89: 40 | O89: 30 | P89: 115 | Q89: 75 | R89: 40D-PU-FOAM-30X115MMX75MM | S89: =ROUND(N89*O89*0.0254*P89/1000*Q89/1000,3) -> 0.263 | U89: =+S89*T89 -> 0 | W89: 11 | X89: 72X60 | Y89: 18 | Z89: 71.5 | AA89: 59.5 | AB89: 10 | AC89: 18D-PU-FOAM-71.50X59.50X10MM | AD89: =+ROUND((Y89*Z89*0.0254*AA89*0.0254*(AB89/1000)),3) -> 0.494 | AF89: =+AD89*AE89 -> 0
A90: 89 | B90: 84 | C90: 32 | D90: 83.5 | E90: 135 | F90: 75 | G90: 32D-PU-FOAM-83.50X135MMX75MM | H90: =ROUND(C90*D90*0.0254*E90/1000*F90/1000,3) -> 0.687 | J90: =+H90*I90 -> 0 | L90: 4 | M90: 39 | N90: 40 | O90: 33 | P90: 115 | Q90: 75 | R90: 40D-PU-FOAM-33X115MMX75MM | S90: =ROUND(N90*O90*0.0254*P90/1000*Q90/1000,3) -> 0.289 | U90: =+S90*T90 -> 0 | W90: 12 | X90: 72X63 | Y90: 18 | Z90: 71.5 | AA90: 62.5 | AB90: 10 | AC90: 18D-PU-FOAM-71.50X62.50X10MM | AD90: =+ROUND((Y90*Z90*0.0254*AA90*0.0254*(AB90/1000)),3) -> 0.519 | AF90: =+AD90*AE90 -> 0
A91: 90 | B91: 13 | C91: 32 | D91: 12.5 | E91: 135 | F91: 75 | G91: 32D-PU-FOAM-12.50X135MMX75MM | H91: =ROUND(C91*D91*0.0254*E91/1000*F91/1000,3) -> 0.103 | J91: =+H91*I91 -> 0 | L91: 5 | M91: 42 | N91: 40 | O91: 36 | P91: 115 | Q91: 75 | R91: 40D-PU-FOAM-36X115MMX75MM | S91: =ROUND(N91*O91*0.0254*P91/1000*Q91/1000,3) -> 0.315 | U91: =+S91*T91 -> 0 | W91: 13 | X91: 72X66 | Y91: 18 | Z91: 71.5 | AA91: 65.5 | AB91: 10 | AC91: 18D-PU-FOAM-71.50X65.50X10MM | AD91: =+ROUND((Y91*Z91*0.0254*AA91*0.0254*(AB91/1000)),3) -> 0.544 | AF91: =+AD91*AE91 -> 0
A92: 91 | B92: 20 | C92: 32 | D92: 19.5 | E92: 135 | F92: 75 | G92: 32D-PU-FOAM-19.50X135MMX75MM | H92: =ROUND(C92*D92*0.0254*E92/1000*F92/1000,3) -> 0.16 | J92: =+H92*I92 -> 0 | L92: 6 | M92: 45 | N92: 40 | O92: 39 | P92: 115 | Q92: 75 | R92: 40D-PU-FOAM-39X115MMX75MM | S92: =ROUND(N92*O92*0.0254*P92/1000*Q92/1000,3) -> 0.342 | U92: =+S92*T92 -> 0 | W92: 14 | X92: 72X69 | Y92: 18 | Z92: 71.5 | AA92: 68.5 | AB92: 10 | AC92: 18D-PU-FOAM-71.50X68.50X10MM | AD92: =+ROUND((Y92*Z92*0.0254*AA92*0.0254*(AB92/1000)),3) -> 0.569 | AF92: =+AD92*AE92 -> 0
A93: 92 | B93: 72 | C93: 32 | D93: 71.5 | E93: 205 | F93: 75 | G93: 32D-PU-FOAM-71.50X205MMX75MM | H93: =ROUND(C93*D93*0.0254*E93/1000*F93/1000,3) -> 0.894 | J93: =+H93*I93 -> 0 | L93: 7 | M93: 48 | N93: 40 | O93: 42 | P93: 115 | Q93: 75 | R93: 40D-PU-FOAM-42X115MMX75MM | S93: =ROUND(N93*O93*0.0254*P93/1000*Q93/1000,3) -> 0.368 | U93: =+S93*T93 -> 0 | W93: 15 | X93: 72X72 | Y93: 18 | Z93: 71.5 | AA93: 71.5 | AB93: 10 | AC93: 18D-PU-FOAM-71.50X71.50X10MM | AD93: =+ROUND((Y93*Z93*0.0254*AA93*0.0254*(AB93/1000)),3) -> 0.594 | AF93: =+AD93*AE93 -> 0
A94: 93 | B94: 75 | C94: 32 | D94: 74.5 | E94: 205 | F94: 75 | G94: 32D-PU-FOAM-74.50X205MMX75MM | H94: =ROUND(C94*D94*0.0254*E94/1000*F94/1000,3) -> 0.931 | J94: =+H94*I94 -> 0 | L94: 8 | M94: 51 | N94: 40 | O94: 45 | P94: 115 | Q94: 75 | R94: 40D-PU-FOAM-45X115MMX75MM | S94: =ROUND(N94*O94*0.0254*P94/1000*Q94/1000,3) -> 0.394 | U94: =+S94*T94 -> 0 | W94: 16 | X94: 75X30 | Y94: 18 | Z94: 74.5 | AA94: 29.5 | AB94: 10 | AC94: 18D-PU-FOAM-74.50X29.50X10MM | AD94: =+ROUND((Y94*Z94*0.0254*AA94*0.0254*(AB94/1000)),3) -> 0.255 | AF94: =+AD94*AE94 -> 0
A95: 94 | B95: 78 | C95: 32 | D95: 77.5 | E95: 205 | F95: 75 | G95: 32D-PU-FOAM-77.50X205MMX75MM | H95: =ROUND(C95*D95*0.0254*E95/1000*F95/1000,3) -> 0.969 | J95: =+H95*I95 -> 0 | L95: 9 | M95: 54 | N95: 40 | O95: 48 | P95: 115 | Q95: 75 | R95: 40D-PU-FOAM-48X115MMX75MM | S95: =ROUND(N95*O95*0.0254*P95/1000*Q95/1000,3) -> 0.421 | U95: =+S95*T95 -> 0 | W95: 17 | X95: 75X33 | Y95: 18 | Z95: 74.5 | AA95: 32.5 | AB95: 10 | AC95: 18D-PU-FOAM-74.50X32.50X10MM | AD95: =+ROUND((Y95*Z95*0.0254*AA95*0.0254*(AB95/1000)),3) -> 0.281 | AF95: =+AD95*AE95 -> 0
A96: 95 | B96: 80 | C96: 32 | D96: 79.5 | E96: 205 | F96: 75 | G96: 32D-PU-FOAM-79.50X205MMX75MM | H96: =ROUND(C96*D96*0.0254*E96/1000*F96/1000,3) -> 0.993 | J96: =+H96*I96 -> 0 | L96: 10 | M96: 57 | N96: 40 | O96: 51 | P96: 115 | Q96: 75 | R96: 40D-PU-FOAM-51X115MMX75MM | S96: =ROUND(N96*O96*0.0254*P96/1000*Q96/1000,3) -> 0.447 | U96: =+S96*T96 -> 0 | W96: 18 | X96: 75X36 | Y96: 18 | Z96: 74.5 | AA96: 35.5 | AB96: 10 | AC96: 18D-PU-FOAM-74.50X35.50X10MM | AD96: =+ROUND((Y96*Z96*0.0254*AA96*0.0254*(AB96/1000)),3) -> 0.307 | AF96: =+AD96*AE96 -> 0
... A106: 105 | B106: 20 | C106: 40 | D106: 19.5 | E106: 95 | F106: 75 | G106: 40D-PU-FOAM-19.50X95MMX75MM | H106: =ROUND(C106*D106*0.0254*E106/1000*F106/1000,3) -> 0.141 | J106: =+H106*I106 -> 0 | L106: 20 | M106: 36 | N106: 40 | O106: 30 | P106: 135 | Q106: 75 | R106: 40D-PU-FOAM-30X135MMX75MM | S106: =ROUND(N106*O106*0.0254*P106/1000*Q106/1000,3) -> 0.309 | U106: =+S106*T106 -> 0 | W106: 28 | X106: 75X66 | Y106: 18 | Z106: 74.5 | AA106: 65.5 | AB106: 10 | AC106: 18D-PU-FOAM-74.50X65.50X10MM | AD106: =+ROUND((Y106*Z106*0.0254*AA106*0.0254*(AB106/1000)),3) -> 0.567 | AF106: =+AD106*AE106 -> 0
L107: 21 | M107: 39 | N107: 40 | O107: 33 | P107: 135 | Q107: 75 | R107: 40D-PU-FOAM-33X135MMX75MM | S107: =ROUND(N107*O107*0.0254*P107/1000*Q107/1000,3) -> 0.339 | U107: =+S107*T107 -> 0 | W107: 29 | X107: 75X69 | Y107: 18 | Z107: 74.5 | AA107: 68.5 | AB107: 10 | AC107: 18D-PU-FOAM-74.50X68.50X10MM | AD107: =+ROUND((Y107*Z107*0.0254*AA107*0.0254*(AB107/1000)),3) -> 0.593 | AF107: =+AD107*AE107 -> 0
L108: 22 | M108: 42 | N108: 40 | O108: 36 | P108: 135 | Q108: 75 | R108: 40D-PU-FOAM-36X135MMX75MM | S108: =ROUND(N108*O108*0.0254*P108/1000*Q108/1000,3) -> 0.37 | U108: =+S108*T108 -> 0 | W108: 30 | X108: 75X72 | Y108: 18 | Z108: 74.5 | AA108: 71.5 | AB108: 10 | AC108: 18D-PU-FOAM-74.50X71.50X10MM | AD108: =+ROUND((Y108*Z108*0.0254*AA108*0.0254*(AB108/1000)),3) -> 0.619 | AF108: =+AD108*AE108 -> 0
L109: 23 | M109: 45 | N109: 40 | O109: 39 | P109: 135 | Q109: 75 | R109: 40D-PU-FOAM-39X135MMX75MM | S109: =ROUND(N109*O109*0.0254*P109/1000*Q109/1000,3) -> 0.401 | U109: =+S109*T109 -> 0 | W109: 31 | X109: 78X30 | Y109: 18 | Z109: 77.5 | AA109: 29.5 | AB109: 10 | AC109: 18D-PU-FOAM-77.50X29.50X10MM | AD109: =+ROUND((Y109*Z109*0.0254*AA109*0.0254*(AB109/1000)),3) -> 0.265 | AF109: =+AD109*AE109 -> 0
L110: 24 | M110: 48 | N110: 40 | O110: 42 | P110: 135 | Q110: 75 | R110: 40D-PU-FOAM-42X135MMX75MM | S110: =ROUND(N110*O110*0.0254*P110/1000*Q110/1000,3) -> 0.432 | U110: =+S110*T110 -> 0 | W110: 32 | X110: 78X33 | Y110: 18 | Z110: 77.5 | AA110: 32.5 | AB110: 10 | AC110: 18D-PU-FOAM-77.50X32.50X10MM | AD110: =+ROUND((Y110*Z110*0.0254*AA110*0.0254*(AB110/1000)),3) -> 0.292 | AF110: =+AD110*AE110 -> 0
L111: 25 | M111: 51 | N111: 40 | O111: 45 | P111: 135 | Q111: 75 | R111: 40D-PU-FOAM-45X135MMX75MM | S111: =ROUND(N111*O111*0.0254*P111/1000*Q111/1000,3) -> 0.463 | U111: =+S111*T111 -> 0 | W111: 33 | X111: 78X36 | Y111: 18 | Z111: 77.5 | AA111: 35.5 | AB111: 10 | AC111: 18D-PU-FOAM-77.50X35.50X10MM | AD111: =+ROUND((Y111*Z111*0.0254*AA111*0.0254*(AB111/1000)),3) -> 0.319 | AF111: =+AD111*AE111 -> 0
L112: 26 | M112: 54 | N112: 40 | O112: 48 | P112: 135 | Q112: 75 | R112: 40D-PU-FOAM-48X135MMX75MM | S112: =ROUND(N112*O112*0.0254*P112/1000*Q112/1000,3) -> 0.494 | U112: =+S112*T112 -> 0 | W112: 34 | X112: 78X39 | Y112: 18 | Z112: 77.5 | AA112: 38.5 | AB112: 10 | AC112: 18D-PU-FOAM-77.50X38.50X10MM | AD112: =+ROUND((Y112*Z112*0.0254*AA112*0.0254*(AB112/1000)),3) -> 0.346 | AF112: =+AD112*AE112 -> 0
L113: 27 | M113: 57 | N113: 40 | O113: 51 | P113: 135 | Q113: 75 | R113: 40D-PU-FOAM-51X135MMX75MM | S113: =ROUND(N113*O113*0.0254*P113/1000*Q113/1000,3) -> 0.525 | U113: =+S113*T113 -> 0 | W113: 35 | X113: 78X42 | Y113: 18 | Z113: 77.5 | AA113: 41.5 | AB113: 10 | AC113: 18D-PU-FOAM-77.50X41.50X10MM | AD113: =+ROUND((Y113*Z113*0.0254*AA113*0.0254*(AB113/1000)),3) -> 0.373 | AF113: =+AD113*AE113 -> 0
L114: 28 | M114: 60 | N114: 40 | O114: 54 | P114: 135 | Q114: 75 | R114: 40D-PU-FOAM-54X135MMX75MM | S114: =ROUND(N114*O114*0.0254*P114/1000*Q114/1000,3) -> 0.555 | U114: =+S114*T114 -> 0 | W114: 36 | X114: 78X45 | Y114: 18 | Z114: 77.5 | AA114: 44.5 | AB114: 10 | AC114: 18D-PU-FOAM-77.50X44.50X10MM | AD114: =+ROUND((Y114*Z114*0.0254*AA114*0.0254*(AB114/1000)),3) -> 0.4 | AF114: =+AD114*AE114 -> 0
L115: 29 | M115: 63 | N115: 40 | O115: 57 | P115: 135 | Q115: 75 | R115: 40D-PU-FOAM-57X135MMX75MM | S115: =ROUND(N115*O115*0.0254*P115/1000*Q115/1000,3) -> 0.586 | U115: =+S115*T115 -> 0 | W115: 37 | X115: 78X48 | Y115: 18 | Z115: 77.5 | AA115: 47.5 | AB115: 10 | AC115: 18D-PU-FOAM-77.50X47.50X10MM | AD115: =+ROUND((Y115*Z115*0.0254*AA115*0.0254*(AB115/1000)),3) -> 0.427 | AF115: =+AD115*AE115 -> 0
L116: 30 | M116: 66 | N116: 40 | O116: 60 | P116: 135 | Q116: 75 | R116: 40D-PU-FOAM-60X135MMX75MM | S116: =ROUND(N116*O116*0.0254*P116/1000*Q116/1000,3) -> 0.617 | U116: =+S116*T116 -> 0 | W116: 38 | X116: 78X51 | Y116: 18 | Z116: 77.5 | AA116: 50.5 | AB116: 10 | AC116: 18D-PU-FOAM-77.50X50.50X10MM | AD116: =+ROUND((Y116*Z116*0.0254*AA116*0.0254*(AB116/1000)),3) -> 0.454 | AF116: =+AD116*AE116 -> 0
L117: 31 | M117: 69 | N117: 40 | O117: 63 | P117: 135 | Q117: 75 | R117: 40D-PU-FOAM-63X135MMX75MM | S117: =ROUND(N117*O117*0.0254*P117/1000*Q117/1000,3) -> 0.648 | U117: =+S117*T117 -> 0 | W117: 39 | X117: 78X54 | Y117: 18 | Z117: 77.5 | AA117: 53.5 | AB117: 10 | AC117: 18D-PU-FOAM-77.50X53.50X10MM | AD117: =+ROUND((Y117*Z117*0.0254*AA117*0.0254*(AB117/1000)),3) -> 0.481 | AF117: =+AD117*AE117 -> 0
L118: 32 | M118: 72 | N118: 40 | O118: 66 | P118: 135 | Q118: 75 | R118: 40D-PU-FOAM-66X135MMX75MM | S118: =ROUND(N118*O118*0.0254*P118/1000*Q118/1000,3) -> 0.679 | T118: 80 | U118: =+S118*T118 -> 54.32 | W118: 40 | X118: 78X57 | Y118: 18 | Z118: 77.5 | AA118: 56.5 | AB118: 10 | AC118: 18D-PU-FOAM-77.50X56.50X10MM | AD118: =+ROUND((Y118*Z118*0.0254*AA118*0.0254*(AB118/1000)),3) -> 0.508 | AF118: =+AD118*AE118 -> 0
L119: 33 | M119: 13 | N119: 40 | O119: 9 | P119: 135 | Q119: 75 | R119: 40D-PU-FOAM-9.50X135MMX75MM | S119: =ROUND(N119*O119*0.0254*P119/1000*Q119/1000,3) -> 0.093 | U119: =+S119*T119 -> 0 | W119: 41 | X119: 78X60 | Y119: 18 | Z119: 77.5 | AA119: 59.5 | AB119: 10 | AC119: 18D-PU-FOAM-77.50X59.50X10MM | AD119: =+ROUND((Y119*Z119*0.0254*AA119*0.0254*(AB119/1000)),3) -> 0.535 | AF119: =+AD119*AE119 -> 0
L120: 34 | M120: 18 | N120: 40 | O120: 12 | P120: 135 | Q120: 75 | R120: 40D-PU-FOAM-12X135MMX75MM | S120: =ROUND(N120*O120*0.0254*P120/1000*Q120/1000,3) -> 0.123 | U120: =+S120*T120 -> 0 | W120: 42 | X120: 78X63 | Y120: 18 | Z120: 77.5 | AA120: 62.5 | AB120: 10 | AC120: 18D-PU-FOAM-77.50X62.50X10MM | AD120: =+ROUND((Y120*Z120*0.0254*AA120*0.0254*(AB120/1000)),3) -> 0.562 | AF120: =+AD120*AE120 -> 0
L121: 35 | M121: 30 | N121: 40 | O121: 24 | P121: 155 | Q121: 75 | R121: 40D-PU-FOAM-24X155MMX75MM | S121: =ROUND(N121*O121*0.0254*P121/1000*Q121/1000,3) -> 0.283 | U121: =+S121*T121 -> 0 | W121: 43 | X121: 78X66 | Y121: 18 | Z121: 77.5 | AA121: 65.5 | AB121: 10 | AC121: 18D-PU-FOAM-77.50X65.50X10MM | AD121: =+ROUND((Y121*Z121*0.0254*AA121*0.0254*(AB121/1000)),3) -> 0.589 | AF121: =+AD121*AE121 -> 0
L122: 36 | M122: 33 | N122: 40 | O122: 27 | P122: 155 | Q122: 75 | R122: 40D-PU-FOAM-27X155MMX75MM | S122: =ROUND(N122*O122*0.0254*P122/1000*Q122/1000,3) -> 0.319 | U122: =+S122*T122 -> 0 | W122: 44 | X122: 78X69 | Y122: 18 | Z122: 77.5 | AA122: 68.5 | AB122: 10 | AC122: 18D-PU-FOAM-77.50X68.50X10MM | AD122: =+ROUND((Y122*Z122*0.0254*AA122*0.0254*(AB122/1000)),3) -> 0.616 | AF122: =+AD122*AE122 -> 0
L123: 37 | M123: 36 | N123: 40 | O123: 30 | P123: 155 | Q123: 75 | R123: 40D-PU-FOAM-30X155MMX75MM | S123: =ROUND(N123*O123*0.0254*P123/1000*Q123/1000,3) -> 0.354 | U123: =+S123*T123 -> 0 | W123: 45 | X123: 78X72 | Y123: 18 | Z123: 77.5 | AA123: 71.5 | AB123: 10 | AC123: 18D-PU-FOAM-77.50X71.50X10MM | AD123: =+ROUND((Y123*Z123*0.0254*AA123*0.0254*(AB123/1000)),3) -> 0.643 | AF123: =+AD123*AE123 -> 0
L124: 38 | M124: 39 | N124: 40 | O124: 33 | P124: 155 | Q124: 75 | R124: 40D-PU-FOAM-33X155MMX75MM | S124: =ROUND(N124*O124*0.0254*P124/1000*Q124/1000,3) -> 0.39 | U124: =+S124*T124 -> 0 | W124: 46 | X124: 80X30 | Y124: 18 | Z124: 79.5 | AA124: 29.5 | AB124: 10 | AC124: 18D-PU-FOAM-79.50X29.50X10MM | AD124: =+ROUND((Y124*Z124*0.0254*AA124*0.0254*(AB124/1000)),3) -> 0.272 | AF124: =+AD124*AE124 -> 0
L125: 39 | M125: 42 | N125: 40 | O125: 36 | P125: 155 | Q125: 75 | R125: 40D-PU-FOAM-36X155MMX75MM | S125: =ROUND(N125*O125*0.0254*P125/1000*Q125/1000,3) -> 0.425 | U125: =+S125*T125 -> 0 | W125: 47 | X125: 80X33 | Y125: 18 | Z125: 79.5 | AA125: 32.5 | AB125: 10 | AC125: 18D-PU-FOAM-79.50X32.50X10MM | AD125: =+ROUND((Y125*Z125*0.0254*AA125*0.0254*(AB125/1000)),3) -> 0.3 | AF125: =+AD125*AE125 -> 0
L126: 40 | M126: 45 | N126: 40 | O126: 39 | P126: 155 | Q126: 75 | R126: 40D-PU-FOAM-39X155MMX75MM | S126: =ROUND(N126*O126*0.0254*P126/1000*Q126/1000,3) -> 0.461 | U126: =+S126*T126 -> 0 | W126: 48 | X126: 80X36 | Y126: 18 | Z126: 79.5 | AA126: 35.5 | AB126: 10 | AC126: 18D-PU-FOAM-79.50X35.50X10MM | AD126: =+ROUND((Y126*Z126*0.0254*AA126*0.0254*(AB126/1000)),3) -> 0.328 | AF126: =+AD126*AE126 -> 0
L127: 41 | M127: 48 | N127: 40 | O127: 42 | P127: 155 | Q127: 75 | R127: 40D-PU-FOAM-42X155MMX75MM | S127: =ROUND(N127*O127*0.0254*P127/1000*Q127/1000,3) -> 0.496 | U127: =+S127*T127 -> 0 | W127: 49 | X127: 80X39 | Y127: 18 | Z127: 79.5 | AA127: 38.5 | AB127: 10 | AC127: 18D-PU-FOAM-79.50X38.50X10MM | AD127: =+ROUND((Y127*Z127*0.0254*AA127*0.0254*(AB127/1000)),3) -> 0.355 | AF127: =+AD127*AE127 -> 0
L128: 42 | M128: 51 | N128: 40 | O128: 45 | P128: 155 | Q128: 75 | R128: 40D-PU-FOAM-45X155MMX75MM | S128: =ROUND(N128*O128*0.0254*P128/1000*Q128/1000,3) -> 0.531 | U128: =+S128*T128 -> 0 | W128: 50 | X128: 80X42 | Y128: 18 | Z128: 79.5 | AA128: 41.5 | AB128: 10 | AC128: 18D-PU-FOAM-79.50X41.50X10MM | AD128: =+ROUND((Y128*Z128*0.0254*AA128*0.0254*(AB128/1000)),3) -> 0.383 | AF128: =+AD128*AE128 -> 0
L129: 43 | M129: 54 | N129: 40 | O129: 48 | P129: 155 | Q129: 75 | R129: 40D-PU-FOAM-48X155MMX75MM | S129: =ROUND(N129*O129*0.0254*P129/1000*Q129/1000,3) -> 0.567 | U129: =+S129*T129 -> 0 | W129: 51 | X129: 80X45 | Y129: 18 | Z129: 79.5 | AA129: 44.5 | AB129: 10 | AC129: 18D-PU-FOAM-79.50X44.50X10MM | AD129: =+ROUND((Y129*Z129*0.0254*AA129*0.0254*(AB129/1000)),3) -> 0.411 | AF129: =+AD129*AE129 -> 0
L130: 44 | M130: 57 | N130: 40 | O130: 51 | P130: 155 | Q130: 75 | R130: 40D-PU-FOAM-51X155MMX75MM | S130: =ROUND(N130*O130*0.0254*P130/1000*Q130/1000,3) -> 0.602 | U130: =+S130*T130 -> 0 | W130: 52 | X130: 80X48 | Y130: 18 | Z130: 79.5 | AA130: 47.5 | AB130: 10 | AC130: 18D-PU-FOAM-79.50X47.50X10MM | AD130: =+ROUND((Y130*Z130*0.0254*AA130*0.0254*(AB130/1000)),3) -> 0.439 | AF130: =+AD130*AE130 -> 0
... L238: 33 | M238: 13 | N238: 32 | O238: 9 | P238: 205 | Q238: 75 | R238: 32D-PU-FOAM-9.50X205MMX75MM | S238: =ROUND(N238*O238*0.0254*P238/1000*Q238/1000,3) -> 0.112 | U238: =+S238*T238 -> 0 | W238: 6 | X238: 72X45 | Y238: 25 | Z238: 71.5 | AA238: 44.5 | AB238: 15 | AC238: 25D-HELIXA-FOAM-71.50X44.50X15MM | AD238: =+ROUND((Y238*Z238*0.0254*AA238*0.0254*(AB238/1000)),3) -> 0.77 | AF238: =+AD238*AE238 -> 0
L239: 34 | M239: 18 | N239: 32 | O239: 12 | P239: 205 | Q239: 75 | R239: 32D-PU-FOAM-12X205MMX75MM | S239: =ROUND(N239*O239*0.0254*P239/1000*Q239/1000,3) -> 0.15 | U239: =+S239*T239 -> 0 | W239: 7 | X239: 72X48 | Y239: 25 | Z239: 71.5 | AA239: 47.5 | AB239: 15 | AC239: 25D-HELIXA-FOAM-71.50X47.50X15MM | AD239: =+ROUND((Y239*Z239*0.0254*AA239*0.0254*(AB239/1000)),3) -> 0.822 | AE239: =+AD239*2 -> 1.644 | AF239: =+AD239*AE239 -> 1.351368
L240: 1 | M240: 30 | N240: 40 | O240: 24 | P240: 95 | Q240: 75 | R240: 40D-PU-FOAM-24X95MMX75MM | S240: =ROUND(N240*O240*0.0254*P240/1000*Q240/1000,3) -> 0.174 | W240: 8 | X240: 72X51 | Y240: 25 | Z240: 71.5 | AA240: 50.5 | AB240: 15 | AC240: 25D-HELIXA-FOAM-71.50X50.50X15MM | AD240: =+ROUND((Y240*Z240*0.0254*AA240*0.0254*(AB240/1000)),3) -> 0.874 | AF240: =+AD240*AE240 -> 0
L241: 2 | M241: 33 | N241: 40 | O241: 27 | P241: 95 | Q241: 75 | R241: 40D-PU-FOAM-27X95MMX75MM | S241: =ROUND(N241*O241*0.0254*P241/1000*Q241/1000,3) -> 0.195 | W241: 9 | X241: 72X54 | Y241: 25 | Z241: 71.5 | AA241: 53.5 | AB241: 15 | AC241: 25D-HELIXA-FOAM-71.50X53.50X15MM | AD241: =+ROUND((Y241*Z241*0.0254*AA241*0.0254*(AB241/1000)),3) -> 0.925 | AF241: =+AD241*AE241 -> 0
L242: 3 | M242: 36 | N242: 40 | O242: 30 | P242: 95 | Q242: 75 | R242: 40D-PU-FOAM-30X95MMX75MM | S242: =ROUND(N242*O242*0.0254*P242/1000*Q242/1000,3) -> 0.217 | W242: 10 | X242: 72X57 | Y242: 25 | Z242: 71.5 | AA242: 56.5 | AB242: 15 | AC242: 25D-HELIXA-FOAM-71.50X56.50X15MM | AD242: =+ROUND((Y242*Z242*0.0254*AA242*0.0254*(AB242/1000)),3) -> 0.977 | AF242: =+AD242*AE242 -> 0
L243: 4 | M243: 39 | N243: 40 | O243: 33 | P243: 95 | Q243: 75 | R243: 40D-PU-FOAM-33X95MMX75MM | S243: =ROUND(N243*O243*0.0254*P243/1000*Q243/1000,3) -> 0.239 | W243: 11 | X243: 72X60 | Y243: 25 | Z243: 71.5 | AA243: 59.5 | AB243: 15 | AC243: 25D-HELIXA-FOAM-71.50X59.50X15MM | AD243: =+ROUND((Y243*Z243*0.0254*AA243*0.0254*(AB243/1000)),3) -> 1.029 | AF243: =+AD243*AE243 -> 0
L244: 5 | M244: 42 | N244: 40 | O244: 36 | P244: 95 | Q244: 75 | R244: 40D-PU-FOAM-36X95MMX75MM | S244: =ROUND(N244*O244*0.0254*P244/1000*Q244/1000,3) -> 0.261 | W244: 12 | X244: 72X63 | Y244: 25 | Z244: 71.5 | AA244: 62.5 | AB244: 15 | AC244: 25D-HELIXA-FOAM-71.50X62.50X15MM | AD244: =+ROUND((Y244*Z244*0.0254*AA244*0.0254*(AB244/1000)),3) -> 1.081 | AF244: =+AD244*AE244 -> 0
L245: 6 | M245: 45 | N245: 40 | O245: 39 | P245: 95 | Q245: 75 | R245: 40D-PU-FOAM-39X95MMX75MM | S245: =ROUND(N245*O245*0.0254*P245/1000*Q245/1000,3) -> 0.282 | W245: 13 | X245: 72X66 | Y245: 25 | Z245: 71.5 | AA245: 65.5 | AB245: 15 | AC245: 25D-HELIXA-FOAM-71.50X65.50X15MM | AD245: =+ROUND((Y245*Z245*0.0254*AA245*0.0254*(AB245/1000)),3) -> 1.133 | AF245: =+AD245*AE245 -> 0
L246: 7 | M246: 48 | N246: 40 | O246: 42 | P246: 95 | Q246: 75 | R246: 40D-PU-FOAM-42X95MMX75MM | S246: =ROUND(N246*O246*0.0254*P246/1000*Q246/1000,3) -> 0.304 | W246: 14 | X246: 72X69 | Y246: 25 | Z246: 71.5 | AA246: 68.5 | AB246: 15 | AC246: 25D-HELIXA-FOAM-71.50X68.50X15MM | AD246: =+ROUND((Y246*Z246*0.0254*AA246*0.0254*(AB246/1000)),3) -> 1.185 | AF246: =+AD246*AE246 -> 0
L247: 8 | M247: 51 | N247: 40 | O247: 45 | P247: 95 | Q247: 75 | R247: 40D-PU-FOAM-45X95MMX75MM | S247: =ROUND(N247*O247*0.0254*P247/1000*Q247/1000,3) -> 0.326 | W247: 15 | X247: 72X72 | Y247: 25 | Z247: 71.5 | AA247: 71.5 | AB247: 15 | AC247: 25D-HELIXA-FOAM-71.50X71.50X15MM | AD247: =+ROUND((Y247*Z247*0.0254*AA247*0.0254*(AB247/1000)),3) -> 1.237 | AF247: =+AD247*AE247 -> 0
L248: 9 | M248: 54 | N248: 40 | O248: 48 | P248: 95 | Q248: 75 | R248: 40D-PU-FOAM-48X95MMX75MM | S248: =ROUND(N248*O248*0.0254*P248/1000*Q248/1000,3) -> 0.347 | W248: 16 | X248: 75X30 | Y248: 25 | Z248: 74.5 | AA248: 29.5 | AB248: 15 | AC248: 25D-HELIXA-FOAM-74.50X29.50X15MM | AD248: =+ROUND((Y248*Z248*0.0254*AA248*0.0254*(AB248/1000)),3) -> 0.532 | AF248: =+AD248*AE248 -> 0
L249: 10 | M249: 57 | N249: 40 | O249: 51 | P249: 95 | Q249: 75 | R249: 40D-PU-FOAM-51X95MMX75MM | S249: =ROUND(N249*O249*0.0254*P249/1000*Q249/1000,3) -> 0.369 | W249: 17 | X249: 75X33 | Y249: 25 | Z249: 74.5 | AA249: 32.5 | AB249: 15 | AC249: 25D-HELIXA-FOAM-74.50X32.50X15MM | AD249: =+ROUND((Y249*Z249*0.0254*AA249*0.0254*(AB249/1000)),3) -> 0.586 | AF249: =+AD249*AE249 -> 0
L250: 11 | M250: 60 | N250: 40 | O250: 54 | P250: 95 | Q250: 75 | R250: 40D-PU-FOAM-54X95MMX75MM | S250: =ROUND(N250*O250*0.0254*P250/1000*Q250/1000,3) -> 0.391 | W250: 18 | X250: 75X36 | Y250: 25 | Z250: 74.5 | AA250: 35.5 | AB250: 15 | AC250: 25D-HELIXA-FOAM-74.50X35.50X15MM | AD250: =+ROUND((Y250*Z250*0.0254*AA250*0.0254*(AB250/1000)),3) -> 0.64 | AF250: =+AD250*AE250 -> 0
L251: 12 | M251: 63 | N251: 40 | O251: 57 | P251: 95 | Q251: 75 | R251: 40D-PU-FOAM-57X95MMX75MM | S251: =ROUND(N251*O251*0.0254*P251/1000*Q251/1000,3) -> 0.413 | W251: 19 | X251: 75X39 | Y251: 25 | Z251: 74.5 | AA251: 38.5 | AB251: 15 | AC251: 25D-HELIXA-FOAM-74.50X38.50X15MM | AD251: =+ROUND((Y251*Z251*0.0254*AA251*0.0254*(AB251/1000)),3) -> 0.694 | AF251: =+AD251*AE251 -> 0
... L256: 17 | M256: 18 | N256: 40 | O256: 12 | P256: 95 | Q256: 75 | R256: 40D-PU-FOAM-12X95MMX75MM | S256: =ROUND(N256*O256*0.0254*P256/1000*Q256/1000,3) -> 0.087 | W256: 24 | X256: 75X54 | Y256: 25 | Z256: 74.5 | AA256: 53.5 | AB256: 15 | AC256: 25D-HELIXA-FOAM-74.50X53.50X15MM | AD256: =+ROUND((Y256*Z256*0.0254*AA256*0.0254*(AB256/1000)),3) -> 0.964 | AF256: =+AD256*AE256 -> 0
W257: 25 | X257: 75X57 | Y257: 25 | Z257: 74.5 | AA257: 56.5 | AB257: 15 | AC257: 25D-HELIXA-FOAM-74.50X56.50X15MM | AD257: =+ROUND((Y257*Z257*0.0254*AA257*0.0254*(AB257/1000)),3) -> 1.018 | AF257: =+AD257*AE257 -> 0
W258: 26 | X258: 75X60 | Y258: 25 | Z258: 74.5 | AA258: 59.5 | AB258: 15 | AC258: 25D-HELIXA-FOAM-74.50X59.50X15MM | AD258: =+ROUND((Y258*Z258*0.0254*AA258*0.0254*(AB258/1000)),3) -> 1.072 | AF258: =+AD258*AE258 -> 0
W259: 27 | X259: 75X63 | Y259: 25 | Z259: 74.5 | AA259: 62.5 | AB259: 15 | AC259: 25D-HELIXA-FOAM-74.50X62.50X15MM | AD259: =+ROUND((Y259*Z259*0.0254*AA259*0.0254*(AB259/1000)),3) -> 1.127 | AF259: =+AD259*AE259 -> 0
W260: 28 | X260: 75X66 | Y260: 25 | Z260: 74.5 | AA260: 65.5 | AB260: 15 | AC260: 25D-HELIXA-FOAM-74.50X65.50X15MM | AD260: =+ROUND((Y260*Z260*0.0254*AA260*0.0254*(AB260/1000)),3) -> 1.181 | AF260: =+AD260*AE260 -> 0
W261: 29 | X261: 75X69 | Y261: 25 | Z261: 74.5 | AA261: 68.5 | AB261: 15 | AC261: 25D-HELIXA-FOAM-74.50X68.50X15MM | AD261: =+ROUND((Y261*Z261*0.0254*AA261*0.0254*(AB261/1000)),3) -> 1.235 | AF261: =+AD261*AE261 -> 0
W262: 30 | X262: 75X72 | Y262: 25 | Z262: 74.5 | AA262: 71.5 | AB262: 15 | AC262: 25D-HELIXA-FOAM-74.50X71.50X15MM | AD262: =+ROUND((Y262*Z262*0.0254*AA262*0.0254*(AB262/1000)),3) -> 1.289 | AF262: =+AD262*AE262 -> 0
W263: 31 | X263: 78X30 | Y263: 25 | Z263: 77.5 | AA263: 29.5 | AB263: 15 | AC263: 25D-HELIXA-FOAM-77.50X29.50X15MM | AD263: =+ROUND((Y263*Z263*0.0254*AA263*0.0254*(AB263/1000)),3) -> 0.553 | AF263: =+AD263*AE263 -> 0
W264: 32 | X264: 78X33 | Y264: 25 | Z264: 77.5 | AA264: 32.5 | AB264: 15 | AC264: 25D-HELIXA-FOAM-77.50X32.50X15MM | AD264: =+ROUND((Y264*Z264*0.0254*AA264*0.0254*(AB264/1000)),3) -> 0.609 | AF264: =+AD264*AE264 -> 0
W265: 33 | X265: 78X36 | Y265: 25 | Z265: 77.5 | AA265: 35.5 | AB265: 15 | AC265: 25D-HELIXA-FOAM-77.50X35.50X15MM | AD265: =+ROUND((Y265*Z265*0.0254*AA265*0.0254*(AB265/1000)),3) -> 0.666 | AF265: =+AD265*AE265 -> 0
W266: 34 | X266: 78X39 | Y266: 25 | Z266: 77.5 | AA266: 38.5 | AB266: 15 | AC266: 25D-HELIXA-FOAM-77.50X38.50X15MM | AD266: =+ROUND((Y266*Z266*0.0254*AA266*0.0254*(AB266/1000)),3) -> 0.722 | AF266: =+AD266*AE266 -> 0
W267: 35 | X267: 78X42 | Y267: 25 | Z267: 77.5 | AA267: 41.5 | AB267: 15 | AC267: 25D-HELIXA-FOAM-77.50X41.50X15MM | AD267: =+ROUND((Y267*Z267*0.0254*AA267*0.0254*(AB267/1000)),3) -> 0.778 | AF267: =+AD267*AE267 -> 0
W268: 36 | X268: 78X45 | Y268: 25 | Z268: 77.5 | AA268: 44.5 | AB268: 15 | AC268: 25D-HELIXA-FOAM-77.50X44.50X15MM | AD268: =+ROUND((Y268*Z268*0.0254*AA268*0.0254*(AB268/1000)),3) -> 0.834 | AF268: =+AD268*AE268 -> 0
... W364: 55 | X364: 80X57 | Y364: 25 | Z364: 79.5 | AA364: 56.5 | AB364: 25 | AC364: 25D-HELIXA-FOAM-79.50X56.50X25MM | AD364: =+ROUND((Y364*Z364*0.0254*AA364*0.0254*(AB364/1000)),3) -> 1.811 | AF364: =+AD364*AE364 -> 0
W365: 56 | X365: 80X60 | Y365: 25 | Z365: 79.5 | AA365: 59.5 | AB365: 25 | AC365: 25D-HELIXA-FOAM-79.50X59.50X25MM | AD365: =+ROUND((Y365*Z365*0.0254*AA365*0.0254*(AB365/1000)),3) -> 1.907 | AE365: 2 | AF365: =+AD365*AE365 -> 3.814
W366: 57 | X366: 80X63 | Y366: 25 | Z366: 79.5 | AA366: 62.5 | AB366: 25 | AC366: 25D-HELIXA-FOAM-79.50X62.50X25MM | AD366: =+ROUND((Y366*Z366*0.0254*AA366*0.0254*(AB366/1000)),3) -> 2.004 | AF366: =+AD366*AE366 -> 0
W367: 58 | X367: 80X66 | Y367: 25 | Z367: 79.5 | AA367: 65.5 | AB367: 25 | AC367: 25D-HELIXA-FOAM-79.50X65.50X25MM | AD367: =+ROUND((Y367*Z367*0.0254*AA367*0.0254*(AB367/1000)),3) -> 2.1 | AF367: =+AD367*AE367 -> 0
W368: 59 | X368: 80X69 | Y368: 25 | Z368: 79.5 | AA368: 68.5 | AB368: 25 | AC368: 25D-HELIXA-FOAM-79.50X68.50X25MM | AD368: =+ROUND((Y368*Z368*0.0254*AA368*0.0254*(AB368/1000)),3) -> 2.196 | AF368: =+AD368*AE368 -> 0
W369: 60 | X369: 80X72 | Y369: 25 | Z369: 79.5 | AA369: 71.5 | AB369: 25 | AC369: 25D-HELIXA-FOAM-79.50X71.50X25MM | AD369: =+ROUND((Y369*Z369*0.0254*AA369*0.0254*(AB369/1000)),3) -> 2.292 | AF369: =+AD369*AE369 -> 0
W370: 61 | X370: 84X30 | Y370: 25 | Z370: 83.5 | AA370: 29.5 | AB370: 25 | AC370: 25D-HELIXA-FOAM-83.50X29.50X25MM | AD370: =+ROUND((Y370*Z370*0.0254*AA370*0.0254*(AB370/1000)),3) -> 0.993 | AF370: =+AD370*AE370 -> 0
W371: 62 | X371: 84X33 | Y371: 25 | Z371: 83.5 | AA371: 32.5 | AB371: 25 | AC371: 25D-HELIXA-FOAM-83.50X32.50X25MM | AD371: =+ROUND((Y371*Z371*0.0254*AA371*0.0254*(AB371/1000)),3) -> 1.094 | AF371: =+AD371*AE371 -> 0
W372: 63 | X372: 84X36 | Y372: 25 | Z372: 83.5 | AA372: 35.5 | AB372: 25 | AC372: 25D-HELIXA-FOAM-83.50X35.50X25MM | AD372: =+ROUND((Y372*Z372*0.0254*AA372*0.0254*(AB372/1000)),3) -> 1.195 | AF372: =+AD372*AE372 -> 0
W373: 64 | X373: 84X39 | Y373: 25 | Z373: 83.5 | AA373: 38.5 | AB373: 25 | AC373: 25D-HELIXA-FOAM-83.50X38.50X25MM | AD373: =+ROUND((Y373*Z373*0.0254*AA373*0.0254*(AB373/1000)),3) -> 1.296 | AF373: =+AD373*AE373 -> 0
W374: 65 | X374: 84X42 | Y374: 25 | Z374: 83.5 | AA374: 41.5 | AB374: 25 | AC374: 25D-HELIXA-FOAM-83.50X41.50X25MM | AD374: =+ROUND((Y374*Z374*0.0254*AA374*0.0254*(AB374/1000)),3) -> 1.397 | AF374: =+AD374*AE374 -> 0
W375: 66 | X375: 84X45 | Y375: 25 | Z375: 83.5 | AA375: 44.5 | AB375: 25 | AC375: 25D-HELIXA-FOAM-83.50X44.50X25MM | AD375: =+ROUND((Y375*Z375*0.0254*AA375*0.0254*(AB375/1000)),3) -> 1.498 | AF375: =+AD375*AE375 -> 0
W376: 67 | X376: 84X48 | Y376: 25 | Z376: 83.5 | AA376: 47.5 | AB376: 25 | AC376: 25D-HELIXA-FOAM-83.50X47.50X25MM | AD376: =+ROUND((Y376*Z376*0.0254*AA376*0.0254*(AB376/1000)),3) -> 1.599 | AF376: =+AD376*AE376 -> 0
W377: 68 | X377: 84X51 | Y377: 25 | Z377: 83.5 | AA377: 50.5 | AB377: 25 | AC377: 25D-HELIXA-FOAM-83.50X50.50X25MM | AD377: =+ROUND((Y377*Z377*0.0254*AA377*0.0254*(AB377/1000)),3) -> 1.7 | AF377: =+AD377*AE377 -> 0
... W441: 55 | X441: 80X57 | Y441: 25 | Z441: 79.5 | AA441: 56.5 | AB441: 50 | AC441: 25D-HELIXA-FOAM-79.50X56.50X50MM | AD441: =+ROUND((Y441*Z441*0.0254*AA441*0.0254*(AB441/1000)),3) -> 3.622 | AF441: =+AD441*AE441 -> 0
W442: 56 | X442: 80X60 | Y442: 25 | Z442: 79.5 | AA442: 59.5 | AB442: 50 | AC442: 25D-HELIXA-FOAM-79.50X59.50X50MM | AD442: =+ROUND((Y442*Z442*0.0254*AA442*0.0254*(AB442/1000)),3) -> 3.815 | AE442: 2 | AF442: =+AD442*AE442 -> 7.63
...

Sheet Sheet3
A1: SIDE WALL FOAM CUTTING SIZE
A2: S.NO | B2: FINISHING SIZE | C2: DENSITY | D2: LENGTH CUTTING SIZE / INCHS | E2: WIDTH /MM | F2: HEIGHT /MM
A3: 1 | B3: 72 | C3: 32D HARD | D3: 71.5 | E3: 70 | F3: 95,115,135,155,175, 225
A4: 2 | B4: 75 | C4: 32D HARD | D4: 74.5 | E4: 70
A5: 3 | B5: 78 | C5: 32D HARD | D5: 77.5 | E5: 70
A6: 4 | B6: 80 | C6: 32D HARD | D6: 79.5 | E6: 70
A7: 5 | B7: 84 | C7: 32D HARD | D7: 83.5 | E7: 70
A8: 1 | B8: 36 | C8: 32D HARD | D8: 30 | E8: 70
A9: 2 | B9: 42 | C9: 32D HARD | D9: 36 | E9: 70
A10: 3 | B10: 48 | C10: 32D HARD | D10: 42 | E10: 70
A11: 4 | B11: 60 | C11: 32D HARD | D11: 54 | E11: 70
A12: 5 | B12: 66 | C12: 32D HARD | D12: 60 | E12: 70
A13: 6 | B13: 72 | C13: 32D HARD | D13: 66 | E13: 70

Sheet VARIETY
A1: SNO | B1: VARIETY | C1: MATTRESS VARIETY | D1: INCH | E1: HEIGHT | F1: FOAM SIZE | G1: MATRESS SIZE | H1: QTY
A2: 1 | B2: BONNELL | C2: SPG | D2: 06" | E2: 110 | F2: 75MM | G2: SKSGSR80X60X06 | H2: 1
A3: 2 | B3: BONNELL | C3: SPG | D3: 08" | E3: 130 | F3: 75MM | G3: SKSGSR80X60X08 | H3: 1
A4: 3 | B4: BONNELL | C4: SPG | D4: 10" | E4: 170 | F4: 75MM | G4: SKSGSR80X60X10 | H4: 1
A5: 4 | B5: BONNELL | C5: CASPIA | D5: 06" | E5: 130 | F5: 75MM | G5: HYPCASBNNLMR80X60X06 | H5: 1
A6: 5 | B6: BONNELL | C6: CASPIA | D6: 08" | E6: 150 | F6: 75MM | G6: HYPCASBNNLMR80X60X08 | H6: 1
A7: 6 | B7: BONNELL | C7: CASPIA | D7: 10" | E7: 170 | F7: 75MM | G7: HYPCASBNNLMR80X60X10 | H7: 1
A8: 7 | B8: BONNELL | C8: GENEVA NORMAL | D8: 08" | E8: 130 | F8: 75MM | G8: RTBNGVBG80X60X08 | H8: 1
A9: 8 | B9: BONNELL | C9: GENEVA EURO TOP | D9: 08" | E9: 130 | F9: 75MM | G9: RTBNGVBG80X60X08 | H9: 1
A10: 9 | B10: BONNELL | C10: GENEVA PILLOW TOP | D10: 08" | E10: 130 | F10: 75MM | G10: RTBNGVBG80X60X08 | H10: 1
A11: 10 | B11: BONNELL | C11: OPULENCE NORMAL | D11: 10" | E11: 150 | F11: 75MM | G11: RTBNOPBG80X60X10 | H11: 1
A12: 11 | B12: BONNELL | C12: OPULENCE EURO TOP | D12: 10" | E12: 150 | F12: 75MM | G12: RTBNOPETBG80X60X10 | H12: 1
A13: 12 | B13: BONNELL | C13: OPULENCE PILLOW TOP | D13: 10" | E13: 150 | F13: 75MM | G13: RTBNOPPTBG80X60X10 | H13: 1
... A61: 60 | B61: BONNELL | C61: ONESIDE PILLOW TOP | D61: 10" | E61: 150 | F61: 75MM | G61: RTHTMTBNOPT80X60X10 | H61: 1
B63: POC | C63: ALLURA | D63: 06" | E63: 130 | F63: 75MM | G63: HYPALRPKNLBLOR80X60X06 | H63: 1
B64: POC | C64: ALLURA | D64: 08" | E64: 150 | F64: 75MM | G64: HYPALRPKNLBLOR80X60X08 | H64: 1
B65: POC | C65: ALLURA | D65: 10" | E65: 170 | F65: 75MM | G65: HYPALRPKNLBLOR80X60X10 | H65: 1
B66: POC | C66: SPK POCKETED LATEX | D66: 06" | E66: 130 | F66: 75MM | G66: SKPKLTGN80X60X06 | H66: 1
B67: POC | C67: SPK POCKETED LATEX | D67: 08" | E67: 150 | F67: 75MM | G67: SKPKLTGN80X60X08 | H67: 1
B68: POC | C68: SPK POCKETED LATEX | D68: 10" | E68: 170 | F68: 75MM | G68: SKPKLTGN80X60X10 | H68: 1
B69: POC | C69: SPK POCKETED MEMORY | D69: 06" | E69: 130 | F69: 75MM | G69: SKPKMFBL80X60X06 | H69: 1
B70: POC | C70: SPK POCKETED MEMORY | D70: 08" | E70: 150 | F70: 75MM | G70: SKPKMFBL80X60X08 | H70: 1
B71: POC | C71: SPK POCKETED MEMORY | D71: 10" | E71: 170 | F71: 75MM | G71: SKPKMFBL80X60X10 | H71: 1
B72: POC | C72: ORGANIGA | D72: 06" | E72: 110 | F72: 75MM | G72: PEPSPKORGBW80X60X06 | H72: 1
B73: POC | C73: ORGANIGA | D73: 08" | E73: 130 | F73: 75MM | G73: PEPSPKORGBW80X60X08 | H73: 1
B74: POC | C74: ORGANIGA | D74: 10" | E74: 150 | F74: 75MM | G74: PEPSPKORGBW80X60X10 | H74: 1
... B80: POC | C80: POC FR REGULAR | D80: 12" | E80: 200 | F80: 75MM | G80: RTHTMTPKMFRG80X60X12 | H80: 1

Sheet INPUT
A1: SL.NO | B1: ITEM CODE | C1: QTY
A2: 1 | B2: PEPSBNCOMNLBG75X60X06 | C2: 50
A3: 2 | B3: PEPSBNCOMNLBG78X60X06 | C3: 50
A4: 3
A5: 4
A6: 5
A7: 6
A8: 7
A9: 8
A10: 9
A11: 10
A12: 11
A13: 12
A14: 13
A15: 14
... A51: 50

Sheet STEP-1
A1: SNO | B1: 1 | C1: 2 | D1: 3 | E1: 4 | F1: 5 | G1: L | H1: W | I1: H | J1: L1 | K1: W1 | L1: STD-L | M1: STD-W | N1: UNIT SIZE | O1: STD ITEMCODE | P1: VARIETY | Q1: QTY | S1: VARIETY | T1: ACTUAL LENGTH | U1: ACTUAL WIDTH | V1: TOP FOAM/REBOUND LENGTH | W1: TOP FOAM / REBOUND WIDTH | X1: Column1 | Y1: LENGTHSIZE | Z1: QTY | AA1: WIDTHSIZE | AB1: QTY2 | AC1: TOPFOAM/REBOUND1 | AD1: QTY3 | AE1: TOPFOAM/REBOUND14 | AF1: QTY5 | AH1: VARIETY | AI1: ACTUAL LENGTH | AJ1: ACTUAL WIDTH | AK1: TOP FOAM/REBOUND LENGTH | AL1: TOP FOAM / REBOUND WIDTH | AN1: LENGTHSIZE | AO1: QTY | AP1: WIDTHSIZE | AQ1: QTY2 | AR1: TOPFOAM/REBOUND1 | AS1: QTY3 | AT1: TOPFOAM/REBOUND14 | AU1: QTY4
A2: =ROW()-1 -> 1 | B2: =LEFT(Table1[[#This Row],[ITEM CODE]],MIN(FIND({0,1,2,3,4,5,6,7,8,9},Table1[[#This Row],[ITEM CODE]]&"0123456789"))-1) -> PEPSBNCOMNLBG | C2: =SUBSTITUTE(Table1[[#This Row],[ITEM CODE]],B2,"") -> 75X60X06 | D2: =IFERROR(LEFT(C2,FIND("-",C2)-1),C2) -> 75X60X06 | E2: =IFERROR(SEARCH("X",D2),"") -> 3 | F2: =IFERROR(SEARCH("X",D2,E2+1),"") -> 6 | G2: =IFERROR(LEFT(C2,SEARCH("x",C2)-1),"") -> 75 | H2: =IFERROR(MID(D2,E2+1,F2-E2-1),"") -> 60 | I2: =IFERROR(MID(D2,F2+1,20),"") -> 06 | J2: =IFERROR(IF(Table2[[#This Row],[L]]<Table2[[#This Row],[W]],Table2[[#This Row],[W]],Table2[[#This Row],[L]]),"") -> 75 | K2: =IF(Table2[[#This Row],[L]]<Table2[[#This Row],[W]],Table2[[#This Row],[L]],Table2[[#This Row],[W]]) -> 60 | L2: =IFERROR(IF(J2="","",IF(VALUE(J2)>=VALUE(K2),IF(OR(VALUE(J2)=13,VALUE(J2)=20,VALUE(J2)=72,VALUE(J2)=75,VALUE(J2)=78,VALUE(J2)=80,VALUE(J2)=84),J2,IF(VALUE(J2)<72,72,IF(VALUE(J2)<75,75,IF(VALUE(J2)<78,78,IF(VALUE(J2)<80,80,IF(VALUE(J2)<84,84,IF(VALUE(J2)>84,84,""""))))))))),0) -> 75 | M2: =IF(H2="","",IF(VALUE(J2)>=VALUE(K2),IF(OR(VALUE(K2)=13,VALUE(K2)=18,VALUE(K2)=18,VALUE(K2)=30,VALUE(K2)=33,VALUE(K2)=36,VALUE(K2)=39,VALUE(K2)=42,VALUE(K2)=45,VALUE(K2)=48,VALUE(K2)=51,VALUE(K2)=54,VALUE(K2)=57,VALUE(K2)=60,VALUE(K2)=63,VALUE(K2)=66,VALUE(K2)=69,VALUE(K2)=72),K2,IF(VALUE(K2)<30,30,IF(VALUE(K2)<33,33,IF(VALUE(H2)<36,36,IF(VALUE(H2)<39,39,IF(VALUE(H2)<42,42,IF(VALUE(H2)<45,45,IF(VALUE(H2)<48,48,IF(VALUE(H2)<51,51,IF(VALUE(H2)<54,54,IF(VALUE(H2)<57,57,IF(VALUE(K2)<60,60,IF(VALUE(K2)<63,63,IF(VALUE(K2)<66,66,IF(VALUE(K2)<69,69,IF(VALUE(K2)<72,72,IF(VALUE(K2)>72,72,""""))))))))))))))))))) -> 60 | N2: =IFERROR(CONCATENATE(L2,"X",M2,"X",I2),"") -> 75X60X06 | O2: =CONCATENATE(B2,N2) -> PEPSBNCOMNLBG75X60X06 | P2: =+CONCATENATE(Table2[[#This Row],[1]],Table2[[#This Row],[H]]) -> PEPSBNCOMNLBG06 | Q2: =+Table1[[#This Row],[QTY]] -> 50 | S2: =+Table2[[#This Row],[VARIETY]] -> PEPSBNCOMNLBG06 | T2: =IFERROR(Table2[[#This Row],[L]]-VLOOKUP(Table5[[#This Row],[VARIETY ]],MASTER!$B:$E,4,0),0) -> 74.5 | U2: =IFERROR(Table2[[#This Row],[W]]-VLOOKUP(Table5[[#This Row],[VARIETY ]],MASTER!$B:$F,5,0),0) -> 54 | V2: =IFERROR(IF(VLOOKUP(Table5[[#This Row],[VARIETY ]],MASTER!$B:$M,12,0)=0,0,(Table2[[#This Row],[L]]-VLOOKUP(Table5[[#This Row],[VARIETY ]],MASTER!$B:$M,12,0))),0) -> 0 | W2: =IFERROR(IF(VLOOKUP(Table5[[#This Row],[VARIETY ]],MASTER!$B:$N,13,0)=0,0,(Table2[[#This Row],[W]]-VLOOKUP(Table5[[#This Row],[VARIETY ]],MASTER!$B:$N,13,0))),0) -> 0 | X2: 1 | Y2: =IFERROR(IF(VLOOKUP(S2,MASTER!$B:$I,8,0)="40MM",((CONCATENATE(VLOOKUP(S2,MASTER!$B:$H,7,0),T2,"X",VLOOKUP(S2,MASTER!$B:$G,6,0),"X",VLOOKUP(S2,MASTER!$B:$I,8,0)))),(CONCATENATE(VLOOKUP(S2,MASTER!$B:$H,7,0),T2,"X",VLOOKUP(S2,MASTER!$B:$G,6,0),"X",VLOOKUP(S2,MASTER!$B:$I,8,0)))),"") -> 32D-HARD-FOAM-74.5X135MMX70MM | Z2: =Table2[[#This Row],[QTY]]*2 -> 100 | AA2: =IFERROR(IF(VLOOKUP(S2,MASTER!$B:$I,8,0)="40MM",((CONCATENATE(VLOOKUP(S2,MASTER!$B:$H,7,0),U2,"X",VLOOKUP(S2,MASTER!$B:$G,6,0),"X",VLOOKUP(S2,MASTER!$B:$I,8,0)))),((CONCATENATE(VLOOKUP(S2,MASTER!$B:$H,7,0),U2,"X",VLOOKUP(S2,MASTER!$B:$G,6,0),"X",VLOOKUP(S2,MASTER!$B:$I,8,0))))),"") -> 32D-HARD-FOAM-54X135MMX70MM | AB2: =+Table2[[#This Row],[QTY]]*2 -> 100 | AC2: =IF(OR(S2=MASTER!$B$2,S2=MASTER!$B$3,S2=MASTER!$B$4,S2=MASTER!$B$5,S2=MASTER!$B$6,S2=MASTER!$B$7,S2=MASTER!$B$8,S2=MASTER!$B$9,S2=MASTER!$B$10,S2=MASTER!$B$11,S2=MASTER!$B$12,S2=MASTER!$B$13,S2=MASTER!$B$93,S2=MASTER!$B$94,S2=MASTER!$B$128,S2=MASTER!$B$129,S2=MASTER!$B$130,S2=MASTER!$B$131,S2=MASTER!$B$132,S2=MASTER!$B$136,S2=MASTER!$B$137),(CONCATENATE(VLOOKUP(S2,MASTER!$B:$J,9,0),Table5[[#This Row],[TOP FOAM/REBOUND LENGTH]],"X",Table5[[#This Row],[TOP FOAM / REBOUND WIDTH]],"X",VLOOKUP(Table5[[#This Row],[VARIETY ]],MASTER!$B:$K,10,0))),"") | AD2: =+Table2[[#This Row],[QTY]]*1 -> 50 | AE2: =IF(OR(S2=MASTER!$B$2,S2=MASTER!$B$3,S2=MASTER!$B$4,S2=MASTER!$B$5,S2=MASTER!$B$6,S2=MASTER!$B$7,S2=MASTER!$B$8,S2=MASTER!$B$9,S2=MASTER!$B$136,S2=MASTER!$B$10,S2=MASTER!$B$11,S2=MASTER!$B$12,S2=MASTER!$B$13,S2=MASTER!$B$2,S2=MASTER!$B$132,S2=MASTER!$B$137),(CONCATENATE(VLOOKUP(S2,MASTER!$B:$J,9,0),Table5[[#This Row],[TOP FOAM/REBOUND LENGTH]],"X",Table5[[#This Row],[TOP FOAM / REBOUND WIDTH]],"X",VLOOKUP(Table5[[#This Row],[VARIETY ]],MASTER!$B:$L,11,0))),"") | AF2: =+Table2[[#This Row],[QTY]]*1 -> 50 | AH2: =+Table2[[#This Row],[VARIETY]] -> PEPSBNCOMNLBG06 | AI2: =IFERROR(Table2[[#This Row],[STD-L]]-VLOOKUP(AH2,MASTER!$B:$E,4,0),0) -> 74.5 | AJ2: =IFERROR(Table2[[#This Row],[STD-W]]-VLOOKUP(AH2,MASTER!$B:$F,5,0),0) -> 54 | AK2: =IFERROR(L2-0.5,"") -> 74.5 | AL2: =IFERROR(M2-0.5,"") -> 59.5 | AN2: =IFERROR(CONCATENATE(VLOOKUP(AH2,MASTER!$B:$H,7,0),Table510[[#This Row],[ACTUAL LENGTH]],"0X",VLOOKUP(AH2,MASTER!$B:$G,6,0),"X",VLOOKUP(AH2,MASTER!$B:$I,8,0)),"") -> 32D-HARD-FOAM-74.50X135MMX70MM | AO2: =IFERROR(((VLOOKUP(Table611[[#This Row],[LENGTHSIZE]],'ALL NEW ITEM '!$E:$F,2,0)*2)*Q2),"") -> 57.2 | AP2: =IFERROR(IF(VLOOKUP(AH2,MASTER!$B:$I,8,0)="40MM",(CONCATENATE(VLOOKUP(AH2,MASTER!$B:$H,7,0),Table510[[#This Row],[ACTUAL WIDTH]],"0X",VLOOKUP(AH2,MASTER!$B:$G,6,0),"X",VLOOKUP(AH2,MASTER!$B:$I,8,0))),(CONCATENATE(VLOOKUP(AH2,MASTER!$B:$H,7,0),Table510[[#This Row],[ACTUAL WIDTH]],"X",VLOOKUP(AH2,MASTER!$B:$G,6,0),"X",VLOOKUP(AH2,MASTER!$B:$I,8,0)))),"") -> 32D-HARD-FOAM-54X135MMX70MM | AQ2: =+IFERROR(((VLOOKUP(AP2,'ALL NEW ITEM '!$E:$F,2,0)*2)*Table2[[#This Row],[QTY]]),"") -> 41.5 | AR2: =IF(OR(AH2=MASTER!$B$2,AH2=MASTER!$B$3,AH2=MASTER!$B$4,AH2=MASTER!$B$5,AH2=MASTER!$B$6,AH2=MASTER!$B$128,AH2=MASTER!$B$129,AH2=MASTER!$B$130,AH2=MASTER!$B$131,AH2=MASTER!$B$132,AH2=MASTER!$B$133,AH2=MASTER!$B$134,AH2=MASTER!$B$135,AH2=MASTER!$B$136,AH2=MASTER!$B$137),(CONCATENATE(VLOOKUP(AH2,MASTER!$B:$J,9,0),AK2,"0X",AL2,"0X",VLOOKUP(Table5[[#This Row],[VARIETY ]],MASTER!$B:$K,10,0))),"") | AS2: =IFERROR(VLOOKUP(AR2,'ALL NEW ITEM '!$E:$F,2,0)*Q2,"") | AT2: =IF(OR(AH2=MASTER!$B$2,AH2=MASTER!$B$3,AH2=MASTER!$B$4,AH2=MASTER!$B$5,AH2=MASTER!$B$6,AH2=MASTER!$B$2,AH2=MASTER!$B$132,AH2=MASTER!$B$135,AH2=MASTER!$B$136,AH2=MASTER!$B$137),(CONCATENATE(VLOOKUP(AH2,MASTER!$B:$J,9,0),AK2,"0X",AL2,"0X",VLOOKUP(Table5[[#This Row],[VARIETY ]],MASTER!$B:$L,11,0))),"") | AU2: =IFERROR(VLOOKUP(Table611[[#This Row],[TOPFOAM/REBOUND14]],'ALL NEW ITEM '!$E:$F,2,0)*Q2,"")
A3: =ROW()-1 -> 2 | B3: =LEFT(Table1[[#This Row],[ITEM CODE]],MIN(FIND({0,1,2,3,4,5,6,7,8,9},Table1[[#This Row],[ITEM CODE]]&"0123456789"))-1) -> PEPSBNCOMNLBG | C3: =SUBSTITUTE(Table1[[#This Row],[ITEM CODE]],B3,"") -> 78X60X06 | D3: =IFERROR(LEFT(C3,FIND("-",C3)-1),C3) -> 78X60X06 | E3: =IFERROR(SEARCH("X",D3),"") -> 3 | F3: =IFERROR(SEARCH("X",D3,E3+1),"") -> 6 | G3: =IFERROR(LEFT(C3,SEARCH("x",C3)-1),"") -> 78 | H3: =IFERROR(MID(D3,E3+1,F3-E3-1),"") -> 60 | I3: =IFERROR(MID(D3,F3+1,20),"") -> 06 | J3: =IFERROR(IF(Table2[[#This Row],[L]]<Table2[[#This Row],[W]],Table2[[#This Row],[W]],Table2[[#This Row],[L]]),"") -> 78 | K3: =IF(Table2[[#This Row],[L]]<Table2[[#This Row],[W]],Table2[[#This Row],[L]],Table2[[#This Row],[W]]) -> 60 | L3: =IFERROR(IF(J3="","",IF(VALUE(J3)>=VALUE(K3),IF(OR(VALUE(J3)=13,VALUE(J3)=20,VALUE(J3)=72,VALUE(J3)=75,VALUE(J3)=78,VALUE(J3)=80,VALUE(J3)=84),J3,IF(VALUE(J3)<72,72,IF(VALUE(J3)<75,75,IF(VALUE(J3)<78,78,IF(VALUE(J3)<80,80,IF(VALUE(J3)<84,84,IF(VALUE(J3)>84,84,""""))))))))),0) -> 78 | M3: =IF(H3="","",IF(VALUE(J3)>=VALUE(K3),IF(OR(VALUE(K3)=13,VALUE(K3)=18,VALUE(K3)=18,VALUE(K3)=30,VALUE(K3)=33,VALUE(K3)=36,VALUE(K3)=39,VALUE(K3)=42,VALUE(K3)=45,VALUE(K3)=48,VALUE(K3)=51,VALUE(K3)=54,VALUE(K3)=57,VALUE(K3)=60,VALUE(K3)=63,VALUE(K3)=66,VALUE(K3)=69,VALUE(K3)=72),K3,IF(VALUE(K3)<30,30,IF(VALUE(K3)<33,33,IF(VALUE(H3)<36,36,IF(VALUE(H3)<39,39,IF(VALUE(H3)<42,42,IF(VALUE(H3)<45,45,IF(VALUE(H3)<48,48,IF(VALUE(H3)<51,51,IF(VALUE(H3)<54,54,IF(VALUE(H3)<57,57,IF(VALUE(K3)<60,60,IF(VALUE(K3)<63,63,IF(VALUE(K3)<66,66,IF(VALUE(K3)<69,69,IF(VALUE(K3)<72,72,IF(VALUE(K3)>72,72,""""))))))))))))))))))) -> 60 | N3: =IFERROR(CONCATENATE(L3,"X",M3,"X",I3),"") -> 78X60X06 | O3: =CONCATENATE(B3,N3) -> PEPSBNCOMNLBG78X60X06 | P3: =+CONCATENATE(Table2[[#This Row],[1]],Table2[[#This Row],[H]]) -> PEPSBNCOMNLBG06 | Q3: =+Table1[[#This Row],[QTY]] -> 50 | S3: =+Table2[[#This Row],[VARIETY]] -> PEPSBNCOMNLBG06 | T3: =IFERROR(Table2[[#This Row],[L]]-VLOOKUP(Table5[[#This Row],[VARIETY ]],MASTER!$B:$E,4,0),0) -> 77.5 | U3: =IFERROR(Table2[[#This Row],[W]]-VLOOKUP(Table5[[#This Row],[VARIETY ]],MASTER!$B:$F,5,0),0) -> 54 | V3: =IFERROR(IF(VLOOKUP(Table5[[#This Row],[VARIETY ]],MASTER!$B:$M,12,0)=0,0,(Table2[[#This Row],[L]]-VLOOKUP(Table5[[#This Row],[VARIETY ]],MASTER!$B:$M,12,0))),0) -> 0 | W3: =IFERROR(IF(VLOOKUP(Table5[[#This Row],[VARIETY ]],MASTER!$B:$N,13,0)=0,0,(Table2[[#This Row],[W]]-VLOOKUP(Table5[[#This Row],[VARIETY ]],MASTER!$B:$N,13,0))),0) -> 0 | X3: 2 | Y3: =IFERROR(IF(VLOOKUP(S3,MASTER!$B:$I,8,0)="40MM",((CONCATENATE(VLOOKUP(S3,MASTER!$B:$H,7,0),T3,"X",VLOOKUP(S3,MASTER!$B:$G,6,0),"X",VLOOKUP(S3,MASTER!$B:$I,8,0)))),(CONCATENATE(VLOOKUP(S3,MASTER!$B:$H,7,0),T3,"X",VLOOKUP(S3,MASTER!$B:$G,6,0),"X",VLOOKUP(S3,MASTER!$B:$I,8,0)))),"") -> 32D-HARD-FOAM-77.5X135MMX70MM | Z3: =Table2[[#This Row],[QTY]]*2 -> 100 | AA3: =IFERROR(IF(VLOOKUP(S3,MASTER!$B:$I,8,0)="40MM",((CONCATENATE(VLOOKUP(S3,MASTER!$B:$H,7,0),U3,"X",VLOOKUP(S3,MASTER!$B:$G,6,0),"X",VLOOKUP(S3,MASTER!$B:$I,8,0)))),((CONCATENATE(VLOOKUP(S3,MASTER!$B:$H,7,0),U3,"X",VLOOKUP(S3,MASTER!$B:$G,6,0),"X",VLOOKUP(S3,MASTER!$B:$I,8,0))))),"") -> 32D-HARD-FOAM-54X135MMX70MM | AB3: =+Table2[[#This Row],[QTY]]*2 -> 100 | AC3: =IF(OR(S3=MASTER!$B$2,S3=MASTER!$B$3,S3=MASTER!$B$4,S3=MASTER!$B$5,S3=MASTER!$B$6,S3=MASTER!$B$7,S3=MASTER!$B$8,S3=MASTER!$B$9,S3=MASTER!$B$10,S3=MASTER!$B$11,S3=MASTER!$B$12,S3=MASTER!$B$13,S3=MASTER!$B$93,S3=MASTER!$B$94,S3=MASTER!$B$128,S3=MASTER!$B$129,S3=MASTER!$B$130,S3=MASTER!$B$131,S3=MASTER!$B$132,S3=MASTER!$B$136,S3=MASTER!$B$137),(CONCATENATE(VLOOKUP(S3,MASTER!$B:$J,9,0),Table5[[#This Row],[TOP FOAM/REBOUND LENGTH]],"X",Table5[[#This Row],[TOP FOAM / REBOUND WIDTH]],"X",VLOOKUP(Table5[[#This Row],[VARIETY ]],MASTER!$B:$K,10,0))),"") | AD3: =+Table2[[#This Row],[QTY]]*1 -> 50 | AE3: =IF(OR(S3=MASTER!$B$2,S3=MASTER!$B$3,S3=MASTER!$B$4,S3=MASTER!$B$5,S3=MASTER!$B$6,S3=MASTER!$B$7,S3=MASTER!$B$8,S3=MASTER!$B$9,S3=MASTER!$B$136,S3=MASTER!$B$10,S3=MASTER!$B$11,S3=MASTER!$B$12,S3=MASTER!$B$13,S3=MASTER!$B$2,S3=MASTER!$B$132,S3=MASTER!$B$137),(CONCATENATE(VLOOKUP(S3,MASTER!$B:$J,9,0),Table5[[#This Row],[TOP FOAM/REBOUND LENGTH]],"X",Table5[[#This Row],[TOP FOAM / REBOUND WIDTH]],"X",VLOOKUP(Table5[[#This Row],[VARIETY ]],MASTER!$B:$L,11,0))),"") | AF3: =+Table2[[#This Row],[QTY]]*1 -> 50 | AH3: =+Table2[[#This Row],[VARIETY]] -> PEPSBNCOMNLBG06 | AI3: =IFERROR(Table2[[#This Row],[STD-L]]-VLOOKUP(AH3,MASTER!$B:$E,4,0),0) -> 77.5 | AJ3: =IFERROR(Table2[[#This Row],[STD-W]]-VLOOKUP(AH3,MASTER!$B:$F,5,0),0) -> 54 | AK3: =IFERROR(L3-0.5,"") -> 77.5 | AL3: =IFERROR(M3-0.5,"") -> 59.5 | AN3: =IFERROR(CONCATENATE(VLOOKUP(AH3,MASTER!$B:$H,7,0),Table510[[#This Row],[ACTUAL LENGTH]],"0X",VLOOKUP(AH3,MASTER!$B:$G,6,0),"X",VLOOKUP(AH3,MASTER!$B:$I,8,0)),"") -> 32D-HARD-FOAM-77.50X135MMX70MM | AO3: =IFERROR(((VLOOKUP(Table611[[#This Row],[LENGTHSIZE]],'ALL NEW ITEM '!$E:$F,2,0)*2)*Q3),"") -> 59.5 | AP3: =IFERROR(IF(VLOOKUP(AH3,MASTER!$B:$I,8,0)="40MM",(CONCATENATE(VLOOKUP(AH3,MASTER!$B:$H,7,0),Table510[[#This Row],[ACTUAL WIDTH]],"0X",VLOOKUP(AH3,MASTER!$B:$G,6,0),"X",VLOOKUP(AH3,MASTER!$B:$I,8,0))),(CONCATENATE(VLOOKUP(AH3,MASTER!$B:$H,7,0),Table510[[#This Row],[ACTUAL WIDTH]],"X",VLOOKUP(AH3,MASTER!$B:$G,6,0),"X",VLOOKUP(AH3,MASTER!$B:$I,8,0)))),"") -> 32D-HARD-FOAM-54X135MMX70MM | AQ3: =+IFERROR(((VLOOKUP(AP3,'ALL NEW ITEM '!$E:$F,2,0)*2)*Table2[[#This Row],[QTY]]),"") -> 41.5 | AR3: =IF(OR(AH3=MASTER!$B$2,AH3=MASTER!$B$3,AH3=MASTER!$B$4,AH3=MASTER!$B$5,AH3=MASTER!$B$6,AH3=MASTER!$B$128,AH3=MASTER!$B$129,AH3=MASTER!$B$130,AH3=MASTER!$B$131,AH3=MASTER!$B$132,AH3=MASTER!$B$133,AH3=MASTER!$B$134,AH3=MASTER!$B$135,AH3=MASTER!$B$136,AH3=MASTER!$B$137),(CONCATENATE(VLOOKUP(AH3,MASTER!$B:$J,9,0),AK3,"0X",AL3,"0X",VLOOKUP(Table5[[#This Row],[VARIETY ]],MASTER!$B:$K,10,0))),"") | AS3: =IFERROR(VLOOKUP(AR3,'ALL NEW ITEM '!$E:$F,2,0)*Q3,"") | AT3: =IF(OR(AH3=MASTER!$B$2,AH3=MASTER!$B$3,AH3=MASTER!$B$4,AH3=MASTER!$B$5,AH3=MASTER!$B$6,AH3=MASTER!$B$2,AH3=MASTER!$B$132,AH3=MASTER!$B$135,AH3=MASTER!$B$136,AH3=MASTER!$B$137),(CONCATENATE(VLOOKUP(AH3,MASTER!$B:$J,9,0),AK3,"0X",AL3,"0X",VLOOKUP(Table5[[#This Row],[VARIETY ]],MASTER!$B:$L,11,0))),"") | AU3: =IFERROR(VLOOKUP(Table611[[#This Row],[TOPFOAM/REBOUND14]],'ALL NEW ITEM '!$E:$F,2,0)*Q3,"")
A4: =ROW()-1 -> 3 | B4: =LEFT(Table1[[#This Row],[ITEM CODE]],MIN(FIND({0,1,2,3,4,5,6,7,8,9},Table1[[#This Row],[ITEM CODE]]&"0123456789"))-1) | C4: =SUBSTITUTE(Table1[[#This Row],[ITEM CODE]],B4,"") | D4: =IFERROR(LEFT(C4,FIND("-",C4)-1),C4) | E4: =IFERROR(SEARCH("X",D4),"") | F4: =IFERROR(SEARCH("X",D4,E4+1),"") | G4: =IFERROR(LEFT(C4,SEARCH("x",C4)-1),"") | H4: =IFERROR(MID(D4,E4+1,F4-E4-1),"") | I4: =IFERROR(MID(D4,F4+1,20),"") | J4: =IFERROR(IF(Table2[[#This Row],[L]]<Table2[[#This Row],[W]],Table2[[#This Row],[W]],Table2[[#This Row],[L]]),"") | K4: =IF(Table2[[#This Row],[L]]<Table2[[#This Row],[W]],Table2[[#This Row],[L]],Table2[[#This Row],[W]]) | L4: =IFERROR(IF(J4="","",IF(VALUE(J4)>=VALUE(K4),IF(OR(VALUE(J4)=13,VALUE(J4)=20,VALUE(J4)=72,VALUE(J4)=75,VALUE(J4)=78,VALUE(J4)=80,VALUE(J4)=84),J4,IF(VALUE(J4)<72,72,IF(VALUE(J4)<75,75,IF(VALUE(J4)<78,78,IF(VALUE(J4)<80,80,IF(VALUE(J4)<84,84,IF(VALUE(J4)>84,84,""""))))))))),0) | M4: =IF(H4="","",IF(VALUE(J4)>=VALUE(K4),IF(OR(VALUE(K4)=13,VALUE(K4)=18,VALUE(K4)=18,VALUE(K4)=30,VALUE(K4)=33,VALUE(K4)=36,VALUE(K4)=39,VALUE(K4)=42,VALUE(K4)=45,VALUE(K4)=48,VALUE(K4)=51,VALUE(K4)=54,VALUE(K4)=57,VALUE(K4)=60,VALUE(K4)=63,VALUE(K4)=66,VALUE(K4)=69,VALUE(K4)=72),K4,IF(VALUE(K4)<30,30,IF(VALUE(K4)<33,33,IF(VALUE(H4)<36,36,IF(VALUE(H4)<39,39,IF(VALUE(H4)<42,42,IF(VALUE(H4)<45,45,IF(VALUE(H4)<48,48,IF(VALUE(H4)<51,51,IF(VALUE(H4)<54,54,IF(VALUE(H4)<57,57,IF(VALUE(K4)<60,60,IF(VALUE(K4)<63,63,IF(VALUE(K4)<66,66,IF(VALUE(K4)<69,69,IF(VALUE(K4)<72,72,IF(VALUE(K4)>72,72,""""))))))))))))))))))) | N4: =IFERROR(CONCATENATE(L4,"X",M4,"X",I4),"") -> XX | O4: =CONCATENATE(B4,N4) -> XX | P4: =+CONCATENATE(Table2[[#This Row],[1]],Table2[[#This Row],[H]]) | Q4: =+Table1[[#This Row],[QTY]] -> 0 | S4: =+Table2[[#This Row],[VARIETY]] | T4: =IFERROR(Table2[[#This Row],[L]]-VLOOKUP(Table5[[#This Row],[VARIETY ]],MASTER!$B:$E,4,0),0) -> 0 | U4: =IFERROR(Table2[[#This Row],[W]]-VLOOKUP(Table5[[#This Row],[VARIETY ]],MASTER!$B:$F,5,0),0) -> 0 | V4: =IFERROR(IF(VLOOKUP(Table5[[#This Row],[VARIETY ]],MASTER!$B:$M,12,0)=0,0,(Table2[[#This Row],[L]]-VLOOKUP(Table5[[#This Row],[VARIETY ]],MASTER!$B:$M,12,0))),0) -> 0 | W4: =IFERROR(IF(VLOOKUP(Table5[[#This Row],[VARIETY ]],MASTER!$B:$N,13,0)=0,0,(Table2[[#This Row],[W]]-VLOOKUP(Table5[[#This Row],[VARIETY ]],MASTER!$B:$N,13,0))),0) -> 0 | X4: 3 | Y4: =IFERROR(IF(VLOOKUP(S4,MASTER!$B:$I,8,0)="40MM",((CONCATENATE(VLOOKUP(S4,MASTER!$B:$H,7,0),T4,"X",VLOOKUP(S4,MASTER!$B:$G,6,0),"X",VLOOKUP(S4,MASTER!$B:$I,8,0)))),(CONCATENATE(VLOOKUP(S4,MASTER!$B:$H,7,0),T4,"X",VLOOKUP(S4,MASTER!$B:$G,6,0),"X",VLOOKUP(S4,MASTER!$B:$I,8,0)))),"") | Z4: =Table2[[#This Row],[QTY]]*2 -> 0 | AA4: =IFERROR(IF(VLOOKUP(S4,MASTER!$B:$I,8,0)="40MM",((CONCATENATE(VLOOKUP(S4,MASTER!$B:$H,7,0),U4,"X",VLOOKUP(S4,MASTER!$B:$G,6,0),"X",VLOOKUP(S4,MASTER!$B:$I,8,0)))),((CONCATENATE(VLOOKUP(S4,MASTER!$B:$H,7,0),U4,"X",VLOOKUP(S4,MASTER!$B:$G,6,0),"X",VLOOKUP(S4,MASTER!$B:$I,8,0))))),"") | AB4: =+Table2[[#This Row],[QTY]]*2 -> 0 | AC4: =IF(OR(S4=MASTER!$B$2,S4=MASTER!$B$3,S4=MASTER!$B$4,S4=MASTER!$B$5,S4=MASTER!$B$6,S4=MASTER!$B$7,S4=MASTER!$B$8,S4=MASTER!$B$9,S4=MASTER!$B$10,S4=MASTER!$B$11,S4=MASTER!$B$12,S4=MASTER!$B$13,S4=MASTER!$B$93,S4=MASTER!$B$94,S4=MASTER!$B$128,S4=MASTER!$B$129,S4=MASTER!$B$130,S4=MASTER!$B$131,S4=MASTER!$B$132,S4=MASTER!$B$136,S4=MASTER!$B$137),(CONCATENATE(VLOOKUP(S4,MASTER!$B:$J,9,0),Table5[[#This Row],[TOP FOAM/REBOUND LENGTH]],"X",Table5[[#This Row],[TOP FOAM / REBOUND WIDTH]],"X",VLOOKUP(Table5[[#This Row],[VARIETY ]],MASTER!$B:$K,10,0))),"") | AD4: =+Table2[[#This Row],[QTY]]*1 -> 0 | AE4: =IF(OR(S4=MASTER!$B$2,S4=MASTER!$B$3,S4=MASTER!$B$4,S4=MASTER!$B$5,S4=MASTER!$B$6,S4=MASTER!$B$7,S4=MASTER!$B$8,S4=MASTER!$B$9,S4=MASTER!$B$136,S4=MASTER!$B$10,S4=MASTER!$B$11,S4=MASTER!$B$12,S4=MASTER!$B$13,S4=MASTER!$B$2,S4=MASTER!$B$132,S4=MASTER!$B$137),(CONCATENATE(VLOOKUP(S4,MASTER!$B:$J,9,0),Table5[[#This Row],[TOP FOAM/REBOUND LENGTH]],"X",Table5[[#This Row],[TOP FOAM / REBOUND WIDTH]],"X",VLOOKUP(Table5[[#This Row],[VARIETY ]],MASTER!$B:$L,11,0))),"") | AF4: =+Table2[[#This Row],[QTY]]*1 -> 0 | AH4: =+Table2[[#This Row],[VARIETY]] | AI4: =IFERROR(Table2[[#This Row],[STD-L]]-VLOOKUP(AH4,MASTER!$B:$E,4,0),0) -> 0 | AJ4: =IFERROR(Table2[[#This Row],[STD-W]]-VLOOKUP(AH4,MASTER!$B:$F,5,0),0) -> 0 | AK4: =IFERROR(L4-0.5,"") | AL4: =IFERROR(M4-0.5,"") | AN4: =IFERROR(CONCATENATE(VLOOKUP(AH4,MASTER!$B:$H,7,0),Table510[[#This Row],[ACTUAL LENGTH]],"0X",VLOOKUP(AH4,MASTER!$B:$G,6,0),"X",VLOOKUP(AH4,MASTER!$B:$I,8,0)),"") | AO4: =IFERROR(((VLOOKUP(Table611[[#This Row],[LENGTHSIZE]],'ALL NEW ITEM '!$E:$F,2,0)*2)*Q4),"") | AP4: =IFERROR(IF(VLOOKUP(AH4,MASTER!$B:$I,8,0)="40MM",(CONCATENATE(VLOOKUP(AH4,MASTER!$B:$H,7,0),Table510[[#This Row],[ACTUAL WIDTH]],"0X",VLOOKUP(AH4,MASTER!$B:$G,6,0),"X",VLOOKUP(AH4,MASTER!$B:$I,8,0))),(CONCATENATE(VLOOKUP(AH4,MASTER!$B:$H,7,0),Table510[[#This Row],[ACTUAL WIDTH]],"X",VLOOKUP(AH4,MASTER!$B:$G,6,0),"X",VLOOKUP(AH4,MASTER!$B:$I,8,0)))),"") | AQ4: =+IFERROR(((VLOOKUP(AP4,'ALL NEW ITEM '!$E:$F,2,0)*2)*Table2[[#This Row],[QTY]]),"") | AR4: =IF(OR(AH4=MASTER!$B$2,AH4=MASTER!$B$3,AH4=MASTER!$B$4,AH4=MASTER!$B$5,AH4=MASTER!$B$6,AH4=MASTER!$B$128,AH4=MASTER!$B$129,AH4=MASTER!$B$130,AH4=MASTER!$B$131,AH4=MASTER!$B$132,AH4=MASTER!$B$133,AH4=MASTER!$B$134,AH4=MASTER!$B$135,AH4=MASTER!$B$136,AH4=MASTER!$B$137),(CONCATENATE(VLOOKUP(AH4,MASTER!$B:$J,9,0),AK4,"0X",AL4,"0X",VLOOKUP(Table5[[#This Row],[VARIETY ]],MASTER!$B:$K,10,0))),"") | AS4: =IFERROR(VLOOKUP(AR4,'ALL NEW ITEM '!$E:$F,2,0)*Q4,"") | AT4: =IF(OR(AH4=MASTER!$B$2,AH4=MASTER!$B$3,AH4=MASTER!$B$4,AH4=MASTER!$B$5,AH4=MASTER!$B$6,AH4=MASTER!$B$2,AH4=MASTER!$B$132,AH4=MASTER!$B$135,AH4=MASTER!$B$136,AH4=MASTER!$B$137),(CONCATENATE(VLOOKUP(AH4,MASTER!$B:$J,9,0),AK4,"0X",AL4,"0X",VLOOKUP(Table5[[#This Row],[VARIETY ]],MASTER!$B:$L,11,0))),"") | AU4: =IFERROR(VLOOKUP(Table611[[#This Row],[TOPFOAM/REBOUND14]],'ALL NEW ITEM '!$E:$F,2,0)*Q4,"")
A5: =ROW()-1 -> 4 | B5: =LEFT(Table1[[#This Row],[ITEM CODE]],MIN(FIND({0,1,2,3,4,5,6,7,8,9},Table1[[#This Row],[ITEM CODE]]&"0123456789"))-1) | C5: =SUBSTITUTE(Table1[[#This Row],[ITEM CODE]],B5,"") | D5: =IFERROR(LEFT(C5,FIND("-",C5)-1),C5) | E5: =IFERROR(SEARCH("X",D5),"") | F5: =IFERROR(SEARCH("X",D5,E5+1),"") | G5: =IFERROR(LEFT(C5,SEARCH("x",C5)-1),"") | H5: =IFERROR(MID(D5,E5+1,F5-E5-1),"") | I5: =IFERROR(MID(D5,F5+1,20),"") | J5: =IFERROR(IF(Table2[[#This Row],[L]]<Table2[[#This Row],[W]],Table2[[#This Row],[W]],Table2[[#This Row],[L]]),"") | K5: =IF(Table2[[#This Row],[L]]<Table2[[#This Row],[W]],Table2[[#This Row],[L]],Table2[[#This Row],[W]]) | L5: =IFERROR(IF(J5="","",IF(VALUE(J5)>=VALUE(K5),IF(OR(VALUE(J5)=13,VALUE(J5)=20,VALUE(J5)=72,VALUE(J5)=75,VALUE(J5)=78,VALUE(J5)=80,VALUE(J5)=84),J5,IF(VALUE(J5)<72,72,IF(VALUE(J5)<75,75,IF(VALUE(J5)<78,78,IF(VALUE(J5)<80,80,IF(VALUE(J5)<84,84,IF(VALUE(J5)>84,84,""""))))))))),0) | M5: =IF(H5="","",IF(VALUE(J5)>=VALUE(K5),IF(OR(VALUE(K5)=13,VALUE(K5)=18,VALUE(K5)=18,VALUE(K5)=30,VALUE(K5)=33,VALUE(K5)=36,VALUE(K5)=39,VALUE(K5)=42,VALUE(K5)=45,VALUE(K5)=48,VALUE(K5)=51,VALUE(K5)=54,VALUE(K5)=57,VALUE(K5)=60,VALUE(K5)=63,VALUE(K5)=66,VALUE(K5)=69,VALUE(K5)=72),K5,IF(VALUE(K5)<30,30,IF(VALUE(K5)<33,33,IF(VALUE(H5)<36,36,IF(VALUE(H5)<39,39,IF(VALUE(H5)<42,42,IF(VALUE(H5)<45,45,IF(VALUE(H5)<48,48,IF(VALUE(H5)<51,51,IF(VALUE(H5)<54,54,IF(VALUE(H5)<57,57,IF(VALUE(K5)<60,60,IF(VALUE(K5)<63,63,IF(VALUE(K5)<66,66,IF(VALUE(K5)<69,69,IF(VALUE(K5)<72,72,IF(VALUE(K5)>72,72,""""))))))))))))))))))) | N5: =IFERROR(CONCATENATE(L5,"X",M5,"X",I5),"") -> XX | O5: =CONCATENATE(B5,N5) -> XX | P5: =+CONCATENATE(Table2[[#This Row],[1]],Table2[[#This Row],[H]]) | Q5: =+Table1[[#This Row],[QTY]] -> 0 | S5: =+Table2[[#This Row],[VARIETY]] | T5: =IFERROR(Table2[[#This Row],[L]]-VLOOKUP(Table5[[#This Row],[VARIETY ]],MASTER!$B:$E,4,0),0) -> 0 | U5: =IFERROR(Table2[[#This Row],[W]]-VLOOKUP(Table5[[#This Row],[VARIETY ]],MASTER!$B:$F,5,0),0) -> 0 | V5: =IFERROR(IF(VLOOKUP(Table5[[#This Row],[VARIETY ]],MASTER!$B:$M,12,0)=0,0,(Table2[[#This Row],[L]]-VLOOKUP(Table5[[#This Row],[VARIETY ]],MASTER!$B:$M,12,0))),0) -> 0 | W5: =IFERROR(IF(VLOOKUP(Table5[[#This Row],[VARIETY ]],MASTER!$B:$N,13,0)=0,0,(Table2[[#This Row],[W]]-VLOOKUP(Table5[[#This Row],[VARIETY ]],MASTER!$B:$N,13,0))),0) -> 0 | X5: 4 | Y5: =IFERROR(IF(VLOOKUP(S5,MASTER!$B:$I,8,0)="40MM",((CONCATENATE(VLOOKUP(S5,MASTER!$B:$H,7,0),T5,"X",VLOOKUP(S5,MASTER!$B:$G,6,0),"X",VLOOKUP(S5,MASTER!$B:$I,8,0)))),(CONCATENATE(VLOOKUP(S5,MASTER!$B:$H,7,0),T5,"X",VLOOKUP(S5,MASTER!$B:$G,6,0),"X",VLOOKUP(S5,MASTER!$B:$I,8,0)))),"") | Z5: =Table2[[#This Row],[QTY]]*2 -> 0 | AA5: =IFERROR(IF(VLOOKUP(S5,MASTER!$B:$I,8,0)="40MM",((CONCATENATE(VLOOKUP(S5,MASTER!$B:$H,7,0),U5,"X",VLOOKUP(S5,MASTER!$B:$G,6,0),"X",VLOOKUP(S5,MASTER!$B:$I,8,0)))),((CONCATENATE(VLOOKUP(S5,MASTER!$B:$H,7,0),U5,"X",VLOOKUP(S5,MASTER!$B:$G,6,0),"X",VLOOKUP(S5,MASTER!$B:$I,8,0))))),"") | AB5: =+Table2[[#This Row],[QTY]]*2 -> 0 | AC5: =IF(OR(S5=MASTER!$B$2,S5=MASTER!$B$3,S5=MASTER!$B$4,S5=MASTER!$B$5,S5=MASTER!$B$6,S5=MASTER!$B$7,S5=MASTER!$B$8,S5=MASTER!$B$9,S5=MASTER!$B$10,S5=MASTER!$B$11,S5=MASTER!$B$12,S5=MASTER!$B$13,S5=MASTER!$B$93,S5=MASTER!$B$94,S5=MASTER!$B$128,S5=MASTER!$B$129,S5=MASTER!$B$130,S5=MASTER!$B$131,S5=MASTER!$B$132,S5=MASTER!$B$136,S5=MASTER!$B$137),(CONCATENATE(VLOOKUP(S5,MASTER!$B:$J,9,0),Table5[[#This Row],[TOP FOAM/REBOUND LENGTH]],"X",Table5[[#This Row],[TOP FOAM / REBOUND WIDTH]],"X",VLOOKUP(Table5[[#This Row],[VARIETY ]],MASTER!$B:$K,10,0))),"") | AD5: =+Table2[[#This Row],[QTY]]*1 -> 0 | AE5: =IF(OR(S5=MASTER!$B$2,S5=MASTER!$B$3,S5=MASTER!$B$4,S5=MASTER!$B$5,S5=MASTER!$B$6,S5=MASTER!$B$7,S5=MASTER!$B$8,S5=MASTER!$B$9,S5=MASTER!$B$136,S5=MASTER!$B$10,S5=MASTER!$B$11,S5=MASTER!$B$12,S5=MASTER!$B$13,S5=MASTER!$B$2,S5=MASTER!$B$132,S5=MASTER!$B$137),(CONCATENATE(VLOOKUP(S5,MASTER!$B:$J,9,0),Table5[[#This Row],[TOP FOAM/REBOUND LENGTH]],"X",Table5[[#This Row],[TOP FOAM / REBOUND WIDTH]],"X",VLOOKUP(Table5[[#This Row],[VARIETY ]],MASTER!$B:$L,11,0))),"") | AF5: =+Table2[[#This Row],[QTY]]*1 -> 0 | AH5: =+Table2[[#This Row],[VARIETY]] | AI5: =IFERROR(Table2[[#This Row],[STD-L]]-VLOOKUP(AH5,MASTER!$B:$E,4,0),0) -> 0 | AJ5: =IFERROR(Table2[[#This Row],[STD-W]]-VLOOKUP(AH5,MASTER!$B:$F,5,0),0) -> 0 | AK5: =IFERROR(L5-0.5,"") | AL5: =IFERROR(M5-0.5,"") | AN5: =IFERROR(CONCATENATE(VLOOKUP(AH5,MASTER!$B:$H,7,0),Table510[[#This Row],[ACTUAL LENGTH]],"0X",VLOOKUP(AH5,MASTER!$B:$G,6,0),"X",VLOOKUP(AH5,MASTER!$B:$I,8,0)),"") | AO5: =IFERROR(((VLOOKUP(Table611[[#This Row],[LENGTHSIZE]],'ALL NEW ITEM '!$E:$F,2,0)*2)*Q5),"") | AP5: =IFERROR(IF(VLOOKUP(AH5,MASTER!$B:$I,8,0)="40MM",(CONCATENATE(VLOOKUP(AH5,MASTER!$B:$H,7,0),Table510[[#This Row],[ACTUAL WIDTH]],"0X",VLOOKUP(AH5,MASTER!$B:$G,6,0),"X",VLOOKUP(AH5,MASTER!$B:$I,8,0))),(CONCATENATE(VLOOKUP(AH5,MASTER!$B:$H,7,0),Table510[[#This Row],[ACTUAL WIDTH]],"X",VLOOKUP(AH5,MASTER!$B:$G,6,0),"X",VLOOKUP(AH5,MASTER!$B:$I,8,0)))),"") | AQ5: =+IFERROR(((VLOOKUP(AP5,'ALL NEW ITEM '!$E:$F,2,0)*2)*Table2[[#This Row],[QTY]]),"") | AR5: =IF(OR(AH5=MASTER!$B$2,AH5=MASTER!$B$3,AH5=MASTER!$B$4,AH5=MASTER!$B$5,AH5=MASTER!$B$6,AH5=MASTER!$B$128,AH5=MASTER!$B$129,AH5=MASTER!$B$130,AH5=MASTER!$B$131,AH5=MASTER!$B$132,AH5=MASTER!$B$133,AH5=MASTER!$B$134,AH5=MASTER!$B$135,AH5=MASTER!$B$136,AH5=MASTER!$B$137),(CONCATENATE(VLOOKUP(AH5,MASTER!$B:$J,9,0),AK5,"0X",AL5,"0X",VLOOKUP(Table5[[#This Row],[VARIETY ]],MASTER!$B:$K,10,0))),"") | AS5: =IFERROR(VLOOKUP(AR5,'ALL NEW ITEM '!$E:$F,2,0)*Q5,"") | AT5: =IF(OR(AH5=MASTER!$B$2,AH5=MASTER!$B$3,AH5=MASTER!$B$4,AH5=MASTER!$B$5,AH5=MASTER!$B$6,AH5=MASTER!$B$2,AH5=MASTER!$B$132,AH5=MASTER!$B$135,AH5=MASTER!$B$136,AH5=MASTER!$B$137),(CONCATENATE(VLOOKUP(AH5,MASTER!$B:$J,9,0),AK5,"0X",AL5,"0X",VLOOKUP(Table5[[#This Row],[VARIETY ]],MASTER!$B:$L,11,0))),"") | AU5: =IFERROR(VLOOKUP(Table611[[#This Row],[TOPFOAM/REBOUND14]],'ALL NEW ITEM '!$E:$F,2,0)*Q5,"")
A6: =ROW()-1 -> 5 | B6: =LEFT(Table1[[#This Row],[ITEM CODE]],MIN(FIND({0,1,2,3,4,5,6,7,8,9},Table1[[#This Row],[ITEM CODE]]&"0123456789"))-1) | C6: =SUBSTITUTE(Table1[[#This Row],[ITEM CODE]],B6,"") | D6: =IFERROR(LEFT(C6,FIND("-",C6)-1),C6) | E6: =IFERROR(SEARCH("X",D6),"") | F6: =IFERROR(SEARCH("X",D6,E6+1),"") | G6: =IFERROR(LEFT(C6,SEARCH("x",C6)-1),"") | H6: =IFERROR(MID(D6,E6+1,F6-E6-1),"") | I6: =IFERROR(MID(D6,F6+1,20),"") | J6: =IFERROR(IF(Table2[[#This Row],[L]]<Table2[[#This Row],[W]],Table2[[#This Row],[W]],Table2[[#This Row],[L]]),"") | K6: =IF(Table2[[#This Row],[L]]<Table2[[#This Row],[W]],Table2[[#This Row],[L]],Table2[[#This Row],[W]]) | L6: =IFERROR(IF(J6="","",IF(VALUE(J6)>=VALUE(K6),IF(OR(VALUE(J6)=13,VALUE(J6)=20,VALUE(J6)=72,VALUE(J6)=75,VALUE(J6)=78,VALUE(J6)=80,VALUE(J6)=84),J6,IF(VALUE(J6)<72,72,IF(VALUE(J6)<75,75,IF(VALUE(J6)<78,78,IF(VALUE(J6)<80,80,IF(VALUE(J6)<84,84,IF(VALUE(J6)>84,84,""""))))))))),0) | M6: =IF(H6="","",IF(VALUE(J6)>=VALUE(K6),IF(OR(VALUE(K6)=13,VALUE(K6)=18,VALUE(K6)=18,VALUE(K6)=30,VALUE(K6)=33,VALUE(K6)=36,VALUE(K6)=39,VALUE(K6)=42,VALUE(K6)=45,VALUE(K6)=48,VALUE(K6)=51,VALUE(K6)=54,VALUE(K6)=57,VALUE(K6)=60,VALUE(K6)=63,VALUE(K6)=66,VALUE(K6)=69,VALUE(K6)=72),K6,IF(VALUE(K6)<30,30,IF(VALUE(K6)<33,33,IF(VALUE(H6)<36,36,IF(VALUE(H6)<39,39,IF(VALUE(H6)<42,42,IF(VALUE(H6)<45,45,IF(VALUE(H6)<48,48,IF(VALUE(H6)<51,51,IF(VALUE(H6)<54,54,IF(VALUE(H6)<57,57,IF(VALUE(K6)<60,60,IF(VALUE(K6)<63,63,IF(VALUE(K6)<66,66,IF(VALUE(K6)<69,69,IF(VALUE(K6)<72,72,IF(VALUE(K6)>72,72,""""))))))))))))))))))) | N6: =IFERROR(CONCATENATE(L6,"X",M6,"X",I6),"") -> XX | O6: =CONCATENATE(B6,N6) -> XX | P6: =+CONCATENATE(Table2[[#This Row],[1]],Table2[[#This Row],[H]]) | Q6: =+Table1[[#This Row],[QTY]] -> 0 | S6: =+Table2[[#This Row],[VARIETY]] | T6: =IFERROR(Table2[[#This Row],[L]]-VLOOKUP(Table5[[#This Row],[VARIETY ]],MASTER!$B:$E,4,0),0) -> 0 | U6: =IFERROR(Table2[[#This Row],[W]]-VLOOKUP(Table5[[#This Row],[VARIETY ]],MASTER!$B:$F,5,0),0) -> 0 | V6: =IFERROR(IF(VLOOKUP(Table5[[#This Row],[VARIETY ]],MASTER!$B:$M,12,0)=0,0,(Table2[[#This Row],[L]]-VLOOKUP(Table5[[#This Row],[VARIETY ]],MASTER!$B:$M,12,0))),0) -> 0 | W6: =IFERROR(IF(VLOOKUP(Table5[[#This Row],[VARIETY ]],MASTER!$B:$N,13,0)=0,0,(Table2[[#This Row],[W]]-VLOOKUP(Table5[[#This Row],[VARIETY ]],MASTER!$B:$N,13,0))),0) -> 0 | X6: 5 | Y6: =IFERROR(IF(VLOOKUP(S6,MASTER!$B:$I,8,0)="40MM",((CONCATENATE(VLOOKUP(S6,MASTER!$B:$H,7,0),T6,"X",VLOOKUP(S6,MASTER!$B:$G,6,0),"X",VLOOKUP(S6,MASTER!$B:$I,8,0)))),(CONCATENATE(VLOOKUP(S6,MASTER!$B:$H,7,0),T6,"X",VLOOKUP(S6,MASTER!$B:$G,6,0),"X",VLOOKUP(S6,MASTER!$B:$I,8,0)))),"") | Z6: =Table2[[#This Row],[QTY]]*2 -> 0 | AA6: =IFERROR(IF(VLOOKUP(S6,MASTER!$B:$I,8,0)="40MM",((CONCATENATE(VLOOKUP(S6,MASTER!$B:$H,7,0),U6,"X",VLOOKUP(S6,MASTER!$B:$G,6,0),"X",VLOOKUP(S6,MASTER!$B:$I,8,0)))),((CONCATENATE(VLOOKUP(S6,MASTER!$B:$H,7,0),U6,"X",VLOOKUP(S6,MASTER!$B:$G,6,0),"X",VLOOKUP(S6,MASTER!$B:$I,8,0))))),"") | AB6: =+Table2[[#This Row],[QTY]]*2 -> 0 | AC6: =IF(OR(S6=MASTER!$B$2,S6=MASTER!$B$3,S6=MASTER!$B$4,S6=MASTER!$B$5,S6=MASTER!$B$6,S6=MASTER!$B$7,S6=MASTER!$B$8,S6=MASTER!$B$9,S6=MASTER!$B$10,S6=MASTER!$B$11,S6=MASTER!$B$12,S6=MASTER!$B$13,S6=MASTER!$B$93,S6=MASTER!$B$94,S6=MASTER!$B$128,S6=MASTER!$B$129,S6=MASTER!$B$130,S6=MASTER!$B$131,S6=MASTER!$B$132,S6=MASTER!$B$136,S6=MASTER!$B$137),(CONCATENATE(VLOOKUP(S6,MASTER!$B:$J,9,0),Table5[[#This Row],[TOP FOAM/REBOUND LENGTH]],"X",Table5[[#This Row],[TOP FOAM / REBOUND WIDTH]],"X",VLOOKUP(Table5[[#This Row],[VARIETY ]],MASTER!$B:$K,10,0))),"") | AD6: =+Table2[[#This Row],[QTY]]*1 -> 0 | AE6: =IF(OR(S6=MASTER!$B$2,S6=MASTER!$B$3,S6=MASTER!$B$4,S6=MASTER!$B$5,S6=MASTER!$B$6,S6=MASTER!$B$7,S6=MASTER!$B$8,S6=MASTER!$B$9,S6=MASTER!$B$136,S6=MASTER!$B$10,S6=MASTER!$B$11,S6=MASTER!$B$12,S6=MASTER!$B$13,S6=MASTER!$B$2,S6=MASTER!$B$132,S6=MASTER!$B$137),(CONCATENATE(VLOOKUP(S6,MASTER!$B:$J,9,0),Table5[[#This Row],[TOP FOAM/REBOUND LENGTH]],"X",Table5[[#This Row],[TOP FOAM / REBOUND WIDTH]],"X",VLOOKUP(Table5[[#This Row],[VARIETY ]],MASTER!$B:$L,11,0))),"") | AF6: =+Table2[[#This Row],[QTY]]*1 -> 0 | AH6: =+Table2[[#This Row],[VARIETY]] | AI6: =IFERROR(Table2[[#This Row],[STD-L]]-VLOOKUP(AH6,MASTER!$B:$E,4,0),0) -> 0 | AJ6: =IFERROR(Table2[[#This Row],[STD-W]]-VLOOKUP(AH6,MASTER!$B:$F,5,0),0) -> 0 | AK6: =IFERROR(L6-0.5,"") | AL6: =IFERROR(M6-0.5,"") | AN6: =IFERROR(CONCATENATE(VLOOKUP(AH6,MASTER!$B:$H,7,0),Table510[[#This Row],[ACTUAL LENGTH]],"0X",VLOOKUP(AH6,MASTER!$B:$G,6,0),"X",VLOOKUP(AH6,MASTER!$B:$I,8,0)),"") | AO6: =IFERROR(((VLOOKUP(Table611[[#This Row],[LENGTHSIZE]],'ALL NEW ITEM '!$E:$F,2,0)*2)*Q6),"") | AP6: =IFERROR(IF(VLOOKUP(AH6,MASTER!$B:$I,8,0)="40MM",(CONCATENATE(VLOOKUP(AH6,MASTER!$B:$H,7,0),Table510[[#This Row],[ACTUAL WIDTH]],"0X",VLOOKUP(AH6,MASTER!$B:$G,6,0),"X",VLOOKUP(AH6,MASTER!$B:$I,8,0))),(CONCATENATE(VLOOKUP(AH6,MASTER!$B:$H,7,0),Table510[[#This Row],[ACTUAL WIDTH]],"X",VLOOKUP(AH6,MASTER!$B:$G,6,0),"X",VLOOKUP(AH6,MASTER!$B:$I,8,0)))),"") | AQ6: =+IFERROR(((VLOOKUP(AP6,'ALL NEW ITEM '!$E:$F,2,0)*2)*Table2[[#This Row],[QTY]]),"") | AR6: =IF(OR(AH6=MASTER!$B$2,AH6=MASTER!$B$3,AH6=MASTER!$B$4,AH6=MASTER!$B$5,AH6=MASTER!$B$6,AH6=MASTER!$B$128,AH6=MASTER!$B$129,AH6=MASTER!$B$130,AH6=MASTER!$B$131,AH6=MASTER!$B$132,AH6=MASTER!$B$133,AH6=MASTER!$B$134,AH6=MASTER!$B$135,AH6=MASTER!$B$136,AH6=MASTER!$B$137),(CONCATENATE(VLOOKUP(AH6,MASTER!$B:$J,9,0),AK6,"0X",AL6,"0X",VLOOKUP(Table5[[#This Row],[VARIETY ]],MASTER!$B:$K,10,0))),"") | AS6: =IFERROR(VLOOKUP(AR6,'ALL NEW ITEM '!$E:$F,2,0)*Q6,"") | AT6: =IF(OR(AH6=MASTER!$B$2,AH6=MASTER!$B$3,AH6=MASTER!$B$4,AH6=MASTER!$B$5,AH6=MASTER!$B$6,AH6=MASTER!$B$2,AH6=MASTER!$B$132,AH6=MASTER!$B$135,AH6=MASTER!$B$136,AH6=MASTER!$B$137),(CONCATENATE(VLOOKUP(AH6,MASTER!$B:$J,9,0),AK6,"0X",AL6,"0X",VLOOKUP(Table5[[#This Row],[VARIETY ]],MASTER!$B:$L,11,0))),"") | AU6: =IFERROR(VLOOKUP(Table611[[#This Row],[TOPFOAM/REBOUND14]],'ALL NEW ITEM '!$E:$F,2,0)*Q6,"")
A7: =ROW()-1 -> 6 | B7: =LEFT(Table1[[#This Row],[ITEM CODE]],MIN(FIND({0,1,2,3,4,5,6,7,8,9},Table1[[#This Row],[ITEM CODE]]&"0123456789"))-1) | C7: =SUBSTITUTE(Table1[[#This Row],[ITEM CODE]],B7,"") | D7: =IFERROR(LEFT(C7,FIND("-",C7)-1),C7) | E7: =IFERROR(SEARCH("X",D7),"") | F7: =IFERROR(SEARCH("X",D7,E7+1),"") | G7: =IFERROR(LEFT(C7,SEARCH("x",C7)-1),"") | H7: =IFERROR(MID(D7,E7+1,F7-E7-1),"") | I7: =IFERROR(MID(D7,F7+1,20),"") | J7: =IFERROR(IF(Table2[[#This Row],[L]]<Table2[[#This Row],[W]],Table2[[#This Row],[W]],Table2[[#This Row],[L]]),"") | K7: =IF(Table2[[#This Row],[L]]<Table2[[#This Row],[W]],Table2[[#This Row],[L]],Table2[[#This Row],[W]]) | L7: =IFERROR(IF(J7="","",IF(VALUE(J7)>=VALUE(K7),IF(OR(VALUE(J7)=13,VALUE(J7)=20,VALUE(J7)=72,VALUE(J7)=75,VALUE(J7)=78,VALUE(J7)=80,VALUE(J7)=84),J7,IF(VALUE(J7)<72,72,IF(VALUE(J7)<75,75,IF(VALUE(J7)<78,78,IF(VALUE(J7)<80,80,IF(VALUE(J7)<84,84,IF(VALUE(J7)>84,84,""""))))))))),0) | M7: =IF(H7="","",IF(VALUE(J7)>=VALUE(K7),IF(OR(VALUE(K7)=13,VALUE(K7)=18,VALUE(K7)=18,VALUE(K7)=30,VALUE(K7)=33,VALUE(K7)=36,VALUE(K7)=39,VALUE(K7)=42,VALUE(K7)=45,VALUE(K7)=48,VALUE(K7)=51,VALUE(K7)=54,VALUE(K7)=57,VALUE(K7)=60,VALUE(K7)=63,VALUE(K7)=66,VALUE(K7)=69,VALUE(K7)=72),K7,IF(VALUE(K7)<30,30,IF(VALUE(K7)<33,33,IF(VALUE(H7)<36,36,IF(VALUE(H7)<39,39,IF(VALUE(H7)<42,42,IF(VALUE(H7)<45,45,IF(VALUE(H7)<48,48,IF(VALUE(H7)<51,51,IF(VALUE(H7)<54,54,IF(VALUE(H7)<57,57,IF(VALUE(K7)<60,60,IF(VALUE(K7)<63,63,IF(VALUE(K7)<66,66,IF(VALUE(K7)<69,69,IF(VALUE(K7)<72,72,IF(VALUE(K7)>72,72,""""))))))))))))))))))) | N7: =IFERROR(CONCATENATE(L7,"X",M7,"X",I7),"") -> XX | O7: =CONCATENATE(B7,N7) -> XX | P7: =+CONCATENATE(Table2[[#This Row],[1]],Table2[[#This Row],[H]]) | Q7: =+Table1[[#This Row],[QTY]] -> 0 | S7: =+Table2[[#This Row],[VARIETY]] | T7: =IFERROR(Table2[[#This Row],[L]]-VLOOKUP(Table5[[#This Row],[VARIETY ]],MASTER!$B:$E,4,0),0) -> 0 | U7: =IFERROR(Table2[[#This Row],[W]]-VLOOKUP(Table5[[#This Row],[VARIETY ]],MASTER!$B:$F,5,0),0) -> 0 | V7: =IFERROR(IF(VLOOKUP(Table5[[#This Row],[VARIETY ]],MASTER!$B:$M,12,0)=0,0,(Table2[[#This Row],[L]]-VLOOKUP(Table5[[#This Row],[VARIETY ]],MASTER!$B:$M,12,0))),0) -> 0 | W7: =IFERROR(IF(VLOOKUP(Table5[[#This Row],[VARIETY ]],MASTER!$B:$N,13,0)=0,0,(Table2[[#This Row],[W]]-VLOOKUP(Table5[[#This Row],[VARIETY ]],MASTER!$B:$N,13,0))),0) -> 0 | X7: 6 | Y7: =IFERROR(IF(VLOOKUP(S7,MASTER!$B:$I,8,0)="40MM",((CONCATENATE(VLOOKUP(S7,MASTER!$B:$H,7,0),T7,"X",VLOOKUP(S7,MASTER!$B:$G,6,0),"X",VLOOKUP(S7,MASTER!$B:$I,8,0)))),(CONCATENATE(VLOOKUP(S7,MASTER!$B:$H,7,0),T7,"X",VLOOKUP(S7,MASTER!$B:$G,6,0),"X",VLOOKUP(S7,MASTER!$B:$I,8,0)))),"") | Z7: =Table2[[#This Row],[QTY]]*2 -> 0 | AA7: =IFERROR(IF(VLOOKUP(S7,MASTER!$B:$I,8,0)="40MM",((CONCATENATE(VLOOKUP(S7,MASTER!$B:$H,7,0),U7,"X",VLOOKUP(S7,MASTER!$B:$G,6,0),"X",VLOOKUP(S7,MASTER!$B:$I,8,0)))),((CONCATENATE(VLOOKUP(S7,MASTER!$B:$H,7,0),U7,"X",VLOOKUP(S7,MASTER!$B:$G,6,0),"X",VLOOKUP(S7,MASTER!$B:$I,8,0))))),"") | AB7: =+Table2[[#This Row],[QTY]]*2 -> 0 | AC7: =IF(OR(S7=MASTER!$B$2,S7=MASTER!$B$3,S7=MASTER!$B$4,S7=MASTER!$B$5,S7=MASTER!$B$6,S7=MASTER!$B$7,S7=MASTER!$B$8,S7=MASTER!$B$9,S7=MASTER!$B$10,S7=MASTER!$B$11,S7=MASTER!$B$12,S7=MASTER!$B$13,S7=MASTER!$B$93,S7=MASTER!$B$94,S7=MASTER!$B$128,S7=MASTER!$B$129,S7=MASTER!$B$130,S7=MASTER!$B$131,S7=MASTER!$B$132,S7=MASTER!$B$136,S7=MASTER!$B$137),(CONCATENATE(VLOOKUP(S7,MASTER!$B:$J,9,0),Table5[[#This Row],[TOP FOAM/REBOUND LENGTH]],"X",Table5[[#This Row],[TOP FOAM / REBOUND WIDTH]],"X",VLOOKUP(Table5[[#This Row],[VARIETY ]],MASTER!$B:$K,10,0))),"") | AD7: =+Table2[[#This Row],[QTY]]*1 -> 0 | AE7: =IF(OR(S7=MASTER!$B$2,S7=MASTER!$B$3,S7=MASTER!$B$4,S7=MASTER!$B$5,S7=MASTER!$B$6,S7=MASTER!$B$7,S7=MASTER!$B$8,S7=MASTER!$B$9,S7=MASTER!$B$136,S7=MASTER!$B$10,S7=MASTER!$B$11,S7=MASTER!$B$12,S7=MASTER!$B$13,S7=MASTER!$B$2,S7=MASTER!$B$132,S7=MASTER!$B$137),(CONCATENATE(VLOOKUP(S7,MASTER!$B:$J,9,0),Table5[[#This Row],[TOP FOAM/REBOUND LENGTH]],"X",Table5[[#This Row],[TOP FOAM / REBOUND WIDTH]],"X",VLOOKUP(Table5[[#This Row],[VARIETY ]],MASTER!$B:$L,11,0))),"") | AF7: =+Table2[[#This Row],[QTY]]*1 -> 0 | AH7: =+Table2[[#This Row],[VARIETY]] | AI7: =IFERROR(Table2[[#This Row],[STD-L]]-VLOOKUP(AH7,MASTER!$B:$E,4,0),0) -> 0 | AJ7: =IFERROR(Table2[[#This Row],[STD-W]]-VLOOKUP(AH7,MASTER!$B:$F,5,0),0) -> 0 | AK7: =IFERROR(L7-0.5,"") | AL7: =IFERROR(M7-0.5,"") | AN7: =IFERROR(CONCATENATE(VLOOKUP(AH7,MASTER!$B:$H,7,0),Table510[[#This Row],[ACTUAL LENGTH]],"0X",VLOOKUP(AH7,MASTER!$B:$G,6,0),"X",VLOOKUP(AH7,MASTER!$B:$I,8,0)),"") | AO7: =IFERROR(((VLOOKUP(Table611[[#This Row],[LENGTHSIZE]],'ALL NEW ITEM '!$E:$F,2,0)*2)*Q7),"") | AP7: =IFERROR(IF(VLOOKUP(AH7,MASTER!$B:$I,8,0)="40MM",(CONCATENATE(VLOOKUP(AH7,MASTER!$B:$H,7,0),Table510[[#This Row],[ACTUAL WIDTH]],"0X",VLOOKUP(AH7,MASTER!$B:$G,6,0),"X",VLOOKUP(AH7,MASTER!$B:$I,8,0))),(CONCATENATE(VLOOKUP(AH7,MASTER!$B:$H,7,0),Table510[[#This Row],[ACTUAL WIDTH]],"X",VLOOKUP(AH7,MASTER!$B:$G,6,0),"X",VLOOKUP(AH7,MASTER!$B:$I,8,0)))),"") | AQ7: =+IFERROR(((VLOOKUP(AP7,'ALL NEW ITEM '!$E:$F,2,0)*2)*Table2[[#This Row],[QTY]]),"") | AR7: =IF(OR(AH7=MASTER!$B$2,AH7=MASTER!$B$3,AH7=MASTER!$B$4,AH7=MASTER!$B$5,AH7=MASTER!$B$6,AH7=MASTER!$B$128,AH7=MASTER!$B$129,AH7=MASTER!$B$130,AH7=MASTER!$B$131,AH7=MASTER!$B$132,AH7=MASTER!$B$133,AH7=MASTER!$B$134,AH7=MASTER!$B$135,AH7=MASTER!$B$136,AH7=MASTER!$B$137),(CONCATENATE(VLOOKUP(AH7,MASTER!$B:$J,9,0),AK7,"0X",AL7,"0X",VLOOKUP(Table5[[#This Row],[VARIETY ]],MASTER!$B:$K,10,0))),"") | AS7: =IFERROR(VLOOKUP(AR7,'ALL NEW ITEM '!$E:$F,2,0)*Q7,"") | AT7: =IF(OR(AH7=MASTER!$B$2,AH7=MASTER!$B$3,AH7=MASTER!$B$4,AH7=MASTER!$B$5,AH7=MASTER!$B$6,AH7=MASTER!$B$2,AH7=MASTER!$B$132,AH7=MASTER!$B$135,AH7=MASTER!$B$136,AH7=MASTER!$B$137),(CONCATENATE(VLOOKUP(AH7,MASTER!$B:$J,9,0),AK7,"0X",AL7,"0X",VLOOKUP(Table5[[#This Row],[VARIETY ]],MASTER!$B:$L,11,0))),"") | AU7: =IFERROR(VLOOKUP(Table611[[#This Row],[TOPFOAM/REBOUND14]],'ALL NEW ITEM '!$E:$F,2,0)*Q7,"")
A8: =ROW()-1 -> 7 | B8: =LEFT(Table1[[#This Row],[ITEM CODE]],MIN(FIND({0,1,2,3,4,5,6,7,8,9},Table1[[#This Row],[ITEM CODE]]&"0123456789"))-1) | C8: =SUBSTITUTE(Table1[[#This Row],[ITEM CODE]],B8,"") | D8: =IFERROR(LEFT(C8,FIND("-",C8)-1),C8) | E8: =IFERROR(SEARCH("X",D8),"") | F8: =IFERROR(SEARCH("X",D8,E8+1),"") | G8: =IFERROR(LEFT(C8,SEARCH("x",C8)-1),"") | H8: =IFERROR(MID(D8,E8+1,F8-E8-1),"") | I8: =IFERROR(MID(D8,F8+1,20),"") | J8: =IFERROR(IF(Table2[[#This Row],[L]]<Table2[[#This Row],[W]],Table2[[#This Row],[W]],Table2[[#This Row],[L]]),"") | K8: =IF(Table2[[#This Row],[L]]<Table2[[#This Row],[W]],Table2[[#This Row],[L]],Table2[[#This Row],[W]]) | L8: =IFERROR(IF(J8="","",IF(VALUE(J8)>=VALUE(K8),IF(OR(VALUE(J8)=13,VALUE(J8)=20,VALUE(J8)=72,VALUE(J8)=75,VALUE(J8)=78,VALUE(J8)=80,VALUE(J8)=84),J8,IF(VALUE(J8)<72,72,IF(VALUE(J8)<75,75,IF(VALUE(J8)<78,78,IF(VALUE(J8)<80,80,IF(VALUE(J8)<84,84,IF(VALUE(J8)>84,84,""""))))))))),0) | M8: =IF(H8="","",IF(VALUE(J8)>=VALUE(K8),IF(OR(VALUE(K8)=13,VALUE(K8)=18,VALUE(K8)=18,VALUE(K8)=30,VALUE(K8)=33,VALUE(K8)=36,VALUE(K8)=39,VALUE(K8)=42,VALUE(K8)=45,VALUE(K8)=48,VALUE(K8)=51,VALUE(K8)=54,VALUE(K8)=57,VALUE(K8)=60,VALUE(K8)=63,VALUE(K8)=66,VALUE(K8)=69,VALUE(K8)=72),K8,IF(VALUE(K8)<30,30,IF(VALUE(K8)<33,33,IF(VALUE(H8)<36,36,IF(VALUE(H8)<39,39,IF(VALUE(H8)<42,42,IF(VALUE(H8)<45,45,IF(VALUE(H8)<48,48,IF(VALUE(H8)<51,51,IF(VALUE(H8)<54,54,IF(VALUE(H8)<57,57,IF(VALUE(K8)<60,60,IF(VALUE(K8)<63,63,IF(VALUE(K8)<66,66,IF(VALUE(K8)<69,69,IF(VALUE(K8)<72,72,IF(VALUE(K8)>72,72,""""))))))))))))))))))) | N8: =IFERROR(CONCATENATE(L8,"X",M8,"X",I8),"") -> XX | O8: =CONCATENATE(B8,N8) -> XX | P8: =+CONCATENATE(Table2[[#This Row],[1]],Table2[[#This Row],[H]]) | Q8: =+Table1[[#This Row],[QTY]] -> 0 | S8: =+Table2[[#This Row],[VARIETY]] | T8: =IFERROR(Table2[[#This Row],[L]]-VLOOKUP(Table5[[#This Row],[VARIETY ]],MASTER!$B:$E,4,0),0) -> 0 | U8: =IFERROR(Table2[[#This Row],[W]]-VLOOKUP(Table5[[#This Row],[VARIETY ]],MASTER!$B:$F,5,0),0) -> 0 | V8: =IFERROR(IF(VLOOKUP(Table5[[#This Row],[VARIETY ]],MASTER!$B:$M,12,0)=0,0,(Table2[[#This Row],[L]]-VLOOKUP(Table5[[#This Row],[VARIETY ]],MASTER!$B:$M,12,0))),0) -> 0 | W8: =IFERROR(IF(VLOOKUP(Table5[[#This Row],[VARIETY ]],MASTER!$B:$N,13,0)=0,0,(Table2[[#This Row],[W]]-VLOOKUP(Table5[[#This Row],[VARIETY ]],MASTER!$B:$N,13,0))),0) -> 0 | X8: 7 | Y8: =IFERROR(IF(VLOOKUP(S8,MASTER!$B:$I,8,0)="40MM",((CONCATENATE(VLOOKUP(S8,MASTER!$B:$H,7,0),T8,"X",VLOOKUP(S8,MASTER!$B:$G,6,0),"X",VLOOKUP(S8,MASTER!$B:$I,8,0)))),(CONCATENATE(VLOOKUP(S8,MASTER!$B:$H,7,0),T8,"X",VLOOKUP(S8,MASTER!$B:$G,6,0),"X",VLOOKUP(S8,MASTER!$B:$I,8,0)))),"") | Z8: =Table2[[#This Row],[QTY]]*2 -> 0 | AA8: =IFERROR(IF(VLOOKUP(S8,MASTER!$B:$I,8,0)="40MM",((CONCATENATE(VLOOKUP(S8,MASTER!$B:$H,7,0),U8,"X",VLOOKUP(S8,MASTER!$B:$G,6,0),"X",VLOOKUP(S8,MASTER!$B:$I,8,0)))),((CONCATENATE(VLOOKUP(S8,MASTER!$B:$H,7,0),U8,"X",VLOOKUP(S8,MASTER!$B:$G,6,0),"X",VLOOKUP(S8,MASTER!$B:$I,8,0))))),"") | AB8: =+Table2[[#This Row],[QTY]]*2 -> 0 | AC8: =IF(OR(S8=MASTER!$B$2,S8=MASTER!$B$3,S8=MASTER!$B$4,S8=MASTER!$B$5,S8=MASTER!$B$6,S8=MASTER!$B$7,S8=MASTER!$B$8,S8=MASTER!$B$9,S8=MASTER!$B$10,S8=MASTER!$B$11,S8=MASTER!$B$12,S8=MASTER!$B$13,S8=MASTER!$B$93,S8=MASTER!$B$94,S8=MASTER!$B$128,S8=MASTER!$B$129,S8=MASTER!$B$130,S8=MASTER!$B$131,S8=MASTER!$B$132,S8=MASTER!$B$136,S8=MASTER!$B$137),(CONCATENATE(VLOOKUP(S8,MASTER!$B:$J,9,0),Table5[[#This Row],[TOP FOAM/REBOUND LENGTH]],"X",Table5[[#This Row],[TOP FOAM / REBOUND WIDTH]],"X",VLOOKUP(Table5[[#This Row],[VARIETY ]],MASTER!$B:$K,10,0))),"") | AD8: =+Table2[[#This Row],[QTY]]*1 -> 0 | AE8: =IF(OR(S8=MASTER!$B$2,S8=MASTER!$B$3,S8=MASTER!$B$4,S8=MASTER!$B$5,S8=MASTER!$B$6,S8=MASTER!$B$7,S8=MASTER!$B$8,S8=MASTER!$B$9,S8=MASTER!$B$136,S8=MASTER!$B$10,S8=MASTER!$B$11,S8=MASTER!$B$12,S8=MASTER!$B$13,S8=MASTER!$B$2,S8=MASTER!$B$132,S8=MASTER!$B$137),(CONCATENATE(VLOOKUP(S8,MASTER!$B:$J,9,0),Table5[[#This Row],[TOP FOAM/REBOUND LENGTH]],"X",Table5[[#This Row],[TOP FOAM / REBOUND WIDTH]],"X",VLOOKUP(Table5[[#This Row],[VARIETY ]],MASTER!$B:$L,11,0))),"") | AF8: =+Table2[[#This Row],[QTY]]*1 -> 0 | AH8: =+Table2[[#This Row],[VARIETY]] | AI8: =IFERROR(Table2[[#This Row],[STD-L]]-VLOOKUP(AH8,MASTER!$B:$E,4,0),0) -> 0 | AJ8: =IFERROR(Table2[[#This Row],[STD-W]]-VLOOKUP(AH8,MASTER!$B:$F,5,0),0) -> 0 | AK8: =IFERROR(L8-0.5,"") | AL8: =IFERROR(M8-0.5,"") | AN8: =IFERROR(CONCATENATE(VLOOKUP(AH8,MASTER!$B:$H,7,0),Table510[[#This Row],[ACTUAL LENGTH]],"0X",VLOOKUP(AH8,MASTER!$B:$G,6,0),"X",VLOOKUP(AH8,MASTER!$B:$I,8,0)),"") | AO8: =IFERROR(((VLOOKUP(Table611[[#This Row],[LENGTHSIZE]],'ALL NEW ITEM '!$E:$F,2,0)*2)*Q8),"") | AP8: =IFERROR(IF(VLOOKUP(AH8,MASTER!$B:$I,8,0)="40MM",(CONCATENATE(VLOOKUP(AH8,MASTER!$B:$H,7,0),Table510[[#This Row],[ACTUAL WIDTH]],"0X",VLOOKUP(AH8,MASTER!$B:$G,6,0),"X",VLOOKUP(AH8,MASTER!$B:$I,8,0))),(CONCATENATE(VLOOKUP(AH8,MASTER!$B:$H,7,0),Table510[[#This Row],[ACTUAL WIDTH]],"X",VLOOKUP(AH8,MASTER!$B:$G,6,0),"X",VLOOKUP(AH8,MASTER!$B:$I,8,0)))),"") | AQ8: =+IFERROR(((VLOOKUP(AP8,'ALL NEW ITEM '!$E:$F,2,0)*2)*Table2[[#This Row],[QTY]]),"") | AR8: =IF(OR(AH8=MASTER!$B$2,AH8=MASTER!$B$3,AH8=MASTER!$B$4,AH8=MASTER!$B$5,AH8=MASTER!$B$6,AH8=MASTER!$B$128,AH8=MASTER!$B$129,AH8=MASTER!$B$130,AH8=MASTER!$B$131,AH8=MASTER!$B$132,AH8=MASTER!$B$133,AH8=MASTER!$B$134,AH8=MASTER!$B$135,AH8=MASTER!$B$136,AH8=MASTER!$B$137),(CONCATENATE(VLOOKUP(AH8,MASTER!$B:$J,9,0),AK8,"0X",AL8,"0X",VLOOKUP(Table5[[#This Row],[VARIETY ]],MASTER!$B:$K,10,0))),"") | AS8: =IFERROR(VLOOKUP(AR8,'ALL NEW ITEM '!$E:$F,2,0)*Q8,"") | AT8: =IF(OR(AH8=MASTER!$B$2,AH8=MASTER!$B$3,AH8=MASTER!$B$4,AH8=MASTER!$B$5,AH8=MASTER!$B$6,AH8=MASTER!$B$2,AH8=MASTER!$B$132,AH8=MASTER!$B$135,AH8=MASTER!$B$136,AH8=MASTER!$B$137),(CONCATENATE(VLOOKUP(AH8,MASTER!$B:$J,9,0),AK8,"0X",AL8,"0X",VLOOKUP(Table5[[#This Row],[VARIETY ]],MASTER!$B:$L,11,0))),"") | AU8: =IFERROR(VLOOKUP(Table611[[#This Row],[TOPFOAM/REBOUND14]],'ALL NEW ITEM '!$E:$F,2,0)*Q8,"")
A9: =ROW()-1 -> 8 | B9: =LEFT(Table1[[#This Row],[ITEM CODE]],MIN(FIND({0,1,2,3,4,5,6,7,8,9},Table1[[#This Row],[ITEM CODE]]&"0123456789"))-1) | C9: =SUBSTITUTE(Table1[[#This Row],[ITEM CODE]],B9,"") | D9: =IFERROR(LEFT(C9,FIND("-",C9)-1),C9) | E9: =IFERROR(SEARCH("X",D9),"") | F9: =IFERROR(SEARCH("X",D9,E9+1),"") | G9: =IFERROR(LEFT(C9,SEARCH("x",C9)-1),"") | H9: =IFERROR(MID(D9,E9+1,F9-E9-1),"") | I9: =IFERROR(MID(D9,F9+1,20),"") | J9: =IFERROR(IF(Table2[[#This Row],[L]]<Table2[[#This Row],[W]],Table2[[#This Row],[W]],Table2[[#This Row],[L]]),"") | K9: =IF(Table2[[#This Row],[L]]<Table2[[#This Row],[W]],Table2[[#This Row],[L]],Table2[[#This Row],[W]]) | L9: =IFERROR(IF(J9="","",IF(VALUE(J9)>=VALUE(K9),IF(OR(VALUE(J9)=13,VALUE(J9)=20,VALUE(J9)=72,VALUE(J9)=75,VALUE(J9)=78,VALUE(J9)=80,VALUE(J9)=84),J9,IF(VALUE(J9)<72,72,IF(VALUE(J9)<75,75,IF(VALUE(J9)<78,78,IF(VALUE(J9)<80,80,IF(VALUE(J9)<84,84,IF(VALUE(J9)>84,84,""""))))))))),0) | M9: =IF(H9="","",IF(VALUE(J9)>=VALUE(K9),IF(OR(VALUE(K9)=13,VALUE(K9)=18,VALUE(K9)=18,VALUE(K9)=30,VALUE(K9)=33,VALUE(K9)=36,VALUE(K9)=39,VALUE(K9)=42,VALUE(K9)=45,VALUE(K9)=48,VALUE(K9)=51,VALUE(K9)=54,VALUE(K9)=57,VALUE(K9)=60,VALUE(K9)=63,VALUE(K9)=66,VALUE(K9)=69,VALUE(K9)=72),K9,IF(VALUE(K9)<30,30,IF(VALUE(K9)<33,33,IF(VALUE(H9)<36,36,IF(VALUE(H9)<39,39,IF(VALUE(H9)<42,42,IF(VALUE(H9)<45,45,IF(VALUE(H9)<48,48,IF(VALUE(H9)<51,51,IF(VALUE(H9)<54,54,IF(VALUE(H9)<57,57,IF(VALUE(K9)<60,60,IF(VALUE(K9)<63,63,IF(VALUE(K9)<66,66,IF(VALUE(K9)<69,69,IF(VALUE(K9)<72,72,IF(VALUE(K9)>72,72,""""))))))))))))))))))) | N9: =IFERROR(CONCATENATE(L9,"X",M9,"X",I9),"") -> XX | O9: =CONCATENATE(B9,N9) -> XX | P9: =+CONCATENATE(Table2[[#This Row],[1]],Table2[[#This Row],[H]]) | Q9: =+Table1[[#This Row],[QTY]] -> 0 | S9: =+Table2[[#This Row],[VARIETY]] | T9: =IFERROR(Table2[[#This Row],[L]]-VLOOKUP(Table5[[#This Row],[VARIETY ]],MASTER!$B:$E,4,0),0) -> 0 | U9: =IFERROR(Table2[[#This Row],[W]]-VLOOKUP(Table5[[#This Row],[VARIETY ]],MASTER!$B:$F,5,0),0) -> 0 | V9: =IFERROR(IF(VLOOKUP(Table5[[#This Row],[VARIETY ]],MASTER!$B:$M,12,0)=0,0,(Table2[[#This Row],[L]]-VLOOKUP(Table5[[#This Row],[VARIETY ]],MASTER!$B:$M,12,0))),0) -> 0 | W9: =IFERROR(IF(VLOOKUP(Table5[[#This Row],[VARIETY ]],MASTER!$B:$N,13,0)=0,0,(Table2[[#This Row],[W]]-VLOOKUP(Table5[[#This Row],[VARIETY ]],MASTER!$B:$N,13,0))),0) -> 0 | X9: 8 | Y9: =IFERROR(IF(VLOOKUP(S9,MASTER!$B:$I,8,0)="40MM",((CONCATENATE(VLOOKUP(S9,MASTER!$B:$H,7,0),T9,"X",VLOOKUP(S9,MASTER!$B:$G,6,0),"X",VLOOKUP(S9,MASTER!$B:$I,8,0)))),(CONCATENATE(VLOOKUP(S9,MASTER!$B:$H,7,0),T9,"X",VLOOKUP(S9,MASTER!$B:$G,6,0),"X",VLOOKUP(S9,MASTER!$B:$I,8,0)))),"") | Z9: =Table2[[#This Row],[QTY]]*2 -> 0 | AA9: =IFERROR(IF(VLOOKUP(S9,MASTER!$B:$I,8,0)="40MM",((CONCATENATE(VLOOKUP(S9,MASTER!$B:$H,7,0),U9,"X",VLOOKUP(S9,MASTER!$B:$G,6,0),"X",VLOOKUP(S9,MASTER!$B:$I,8,0)))),((CONCATENATE(VLOOKUP(S9,MASTER!$B:$H,7,0),U9,"X",VLOOKUP(S9,MASTER!$B:$G,6,0),"X",VLOOKUP(S9,MASTER!$B:$I,8,0))))),"") | AB9: =+Table2[[#This Row],[QTY]]*2 -> 0 | AC9: =IF(OR(S9=MASTER!$B$2,S9=MASTER!$B$3,S9=MASTER!$B$4,S9=MASTER!$B$5,S9=MASTER!$B$6,S9=MASTER!$B$7,S9=MASTER!$B$8,S9=MASTER!$B$9,S9=MASTER!$B$10,S9=MASTER!$B$11,S9=MASTER!$B$12,S9=MASTER!$B$13,S9=MASTER!$B$93,S9=MASTER!$B$94,S9=MASTER!$B$128,S9=MASTER!$B$129,S9=MASTER!$B$130,S9=MASTER!$B$131,S9=MASTER!$B$132,S9=MASTER!$B$136,S9=MASTER!$B$137),(CONCATENATE(VLOOKUP(S9,MASTER!$B:$J,9,0),Table5[[#This Row],[TOP FOAM/REBOUND LENGTH]],"X",Table5[[#This Row],[TOP FOAM / REBOUND WIDTH]],"X",VLOOKUP(Table5[[#This Row],[VARIETY ]],MASTER!$B:$K,10,0))),"") | AD9: =+Table2[[#This Row],[QTY]]*1 -> 0 | AE9: =IF(OR(S9=MASTER!$B$2,S9=MASTER!$B$3,S9=MASTER!$B$4,S9=MASTER!$B$5,S9=MASTER!$B$6,S9=MASTER!$B$7,S9=MASTER!$B$8,S9=MASTER!$B$9,S9=MASTER!$B$136,S9=MASTER!$B$10,S9=MASTER!$B$11,S9=MASTER!$B$12,S9=MASTER!$B$13,S9=MASTER!$B$2,S9=MASTER!$B$132,S9=MASTER!$B$137),(CONCATENATE(VLOOKUP(S9,MASTER!$B:$J,9,0),Table5[[#This Row],[TOP FOAM/REBOUND LENGTH]],"X",Table5[[#This Row],[TOP FOAM / REBOUND WIDTH]],"X",VLOOKUP(Table5[[#This Row],[VARIETY ]],MASTER!$B:$L,11,0))),"") | AF9: =+Table2[[#This Row],[QTY]]*1 -> 0 | AH9: =+Table2[[#This Row],[VARIETY]] | AI9: =IFERROR(Table2[[#This Row],[STD-L]]-VLOOKUP(AH9,MASTER!$B:$E,4,0),0) -> 0 | AJ9: =IFERROR(Table2[[#This Row],[STD-W]]-VLOOKUP(AH9,MASTER!$B:$F,5,0),0) -> 0 | AK9: =IFERROR(L9-0.5,"") | AL9: =IFERROR(M9-0.5,"") | AN9: =IFERROR(CONCATENATE(VLOOKUP(AH9,MASTER!$B:$H,7,0),Table510[[#This Row],[ACTUAL LENGTH]],"0X",VLOOKUP(AH9,MASTER!$B:$G,6,0),"X",VLOOKUP(AH9,MASTER!$B:$I,8,0)),"") | AO9: =IFERROR(((VLOOKUP(Table611[[#This Row],[LENGTHSIZE]],'ALL NEW ITEM '!$E:$F,2,0)*2)*Q9),"") | AP9: =IFERROR(IF(VLOOKUP(AH9,MASTER!$B:$I,8,0)="40MM",(CONCATENATE(VLOOKUP(AH9,MASTER!$B:$H,7,0),Table510[[#This Row],[ACTUAL WIDTH]],"0X",VLOOKUP(AH9,MASTER!$B:$G,6,0),"X",VLOOKUP(AH9,MASTER!$B:$I,8,0))),(CONCATENATE(VLOOKUP(AH9,MASTER!$B:$H,7,0),Table510[[#This Row],[ACTUAL WIDTH]],"X",VLOOKUP(AH9,MASTER!$B:$G,6,0),"X",VLOOKUP(AH9,MASTER!$B:$I,8,0)))),"") | AQ9: =+IFERROR(((VLOOKUP(AP9,'ALL NEW ITEM '!$E:$F,2,0)*2)*Table2[[#This Row],[QTY]]),"") | AR9: =IF(OR(AH9=MASTER!$B$2,AH9=MASTER!$B$3,AH9=MASTER!$B$4,AH9=MASTER!$B$5,AH9=MASTER!$B$6,AH9=MASTER!$B$128,AH9=MASTER!$B$129,AH9=MASTER!$B$130,AH9=MASTER!$B$131,AH9=MASTER!$B$132,AH9=MASTER!$B$133,AH9=MASTER!$B$134,AH9=MASTER!$B$135,AH9=MASTER!$B$136,AH9=MASTER!$B$137),(CONCATENATE(VLOOKUP(AH9,MASTER!$B:$J,9,0),AK9,"0X",AL9,"0X",VLOOKUP(Table5[[#This Row],[VARIETY ]],MASTER!$B:$K,10,0))),"") | AS9: =IFERROR(VLOOKUP(AR9,'ALL NEW ITEM '!$E:$F,2,0)*Q9,"") | AT9: =IF(OR(AH9=MASTER!$B$2,AH9=MASTER!$B$3,AH9=MASTER!$B$4,AH9=MASTER!$B$5,AH9=MASTER!$B$6,AH9=MASTER!$B$2,AH9=MASTER!$B$132,AH9=MASTER!$B$135,AH9=MASTER!$B$136,AH9=MASTER!$B$137),(CONCATENATE(VLOOKUP(AH9,MASTER!$B:$J,9,0),AK9,"0X",AL9,"0X",VLOOKUP(Table5[[#This Row],[VARIETY ]],MASTER!$B:$L,11,0))),"") | AU9: =IFERROR(VLOOKUP(Table611[[#This Row],[TOPFOAM/REBOUND14]],'ALL NEW ITEM '!$E:$F,2,0)*Q9,"")
A10: =ROW()-1 -> 9 | B10: =LEFT(Table1[[#This Row],[ITEM CODE]],MIN(FIND({0,1,2,3,4,5,6,7,8,9},Table1[[#This Row],[ITEM CODE]]&"0123456789"))-1) | C10: =SUBSTITUTE(Table1[[#This Row],[ITEM CODE]],B10,"") | D10: =IFERROR(LEFT(C10,FIND("-",C10)-1),C10) | E10: =IFERROR(SEARCH("X",D10),"") | F10: =IFERROR(SEARCH("X",D10,E10+1),"") | G10: =IFERROR(LEFT(C10,SEARCH("x",C10)-1),"") | H10: =IFERROR(MID(D10,E10+1,F10-E10-1),"") | I10: =IFERROR(MID(D10,F10+1,20),"") | J10: =IFERROR(IF(Table2[[#This Row],[L]]<Table2[[#This Row],[W]],Table2[[#This Row],[W]],Table2[[#This Row],[L]]),"") | K10: =IF(Table2[[#This Row],[L]]<Table2[[#This Row],[W]],Table2[[#This Row],[L]],Table2[[#This Row],[W]]) | L10: =IFERROR(IF(J10="","",IF(VALUE(J10)>=VALUE(K10),IF(OR(VALUE(J10)=13,VALUE(J10)=20,VALUE(J10)=72,VALUE(J10)=75,VALUE(J10)=78,VALUE(J10)=80,VALUE(J10)=84),J10,IF(VALUE(J10)<72,72,IF(VALUE(J10)<75,75,IF(VALUE(J10)<78,78,IF(VALUE(J10)<80,80,IF(VALUE(J10)<84,84,IF(VALUE(J10)>84,84,""""))))))))),0) | M10: =IF(H10="","",IF(VALUE(J10)>=VALUE(K10),IF(OR(VALUE(K10)=13,VALUE(K10)=18,VALUE(K10)=18,VALUE(K10)=30,VALUE(K10)=33,VALUE(K10)=36,VALUE(K10)=39,VALUE(K10)=42,VALUE(K10)=45,VALUE(K10)=48,VALUE(K10)=51,VALUE(K10)=54,VALUE(K10)=57,VALUE(K10)=60,VALUE(K10)=63,VALUE(K10)=66,VALUE(K10)=69,VALUE(K10)=72),K10,IF(VALUE(K10)<30,30,IF(VALUE(K10)<33,33,IF(VALUE(H10)<36,36,IF(VALUE(H10)<39,39,IF(VALUE(H10)<42,42,IF(VALUE(H10)<45,45,IF(VALUE(H10)<48,48,IF(VALUE(H10)<51,51,IF(VALUE(H10)<54,54,IF(VALUE(H10)<57,57,IF(VALUE(K10)<60,60,IF(VALUE(K10)<63,63,IF(VALUE(K10)<66,66,IF(VALUE(K10)<69,69,IF(VALUE(K10)<72,72,IF(VALUE(K10)>72,72,""""))))))))))))))))))) | N10: =IFERROR(CONCATENATE(L10,"X",M10,"X",I10),"") -> XX | O10: =CONCATENATE(B10,N10) -> XX | P10: =+CONCATENATE(Table2[[#This Row],[1]],Table2[[#This Row],[H]]) | Q10: =+Table1[[#This Row],[QTY]] -> 0 | S10: =+Table2[[#This Row],[VARIETY]] | T10: =IFERROR(Table2[[#This Row],[L]]-VLOOKUP(Table5[[#This Row],[VARIETY ]],MASTER!$B:$E,4,0),0) -> 0 | U10: =IFERROR(Table2[[#This Row],[W]]-VLOOKUP(Table5[[#This Row],[VARIETY ]],MASTER!$B:$F,5,0),0) -> 0 | V10: =IFERROR(IF(VLOOKUP(Table5[[#This Row],[VARIETY ]],MASTER!$B:$M,12,0)=0,0,(Table2[[#This Row],[L]]-VLOOKUP(Table5[[#This Row],[VARIETY ]],MASTER!$B:$M,12,0))),0) -> 0 | W10: =IFERROR(IF(VLOOKUP(Table5[[#This Row],[VARIETY ]],MASTER!$B:$N,13,0)=0,0,(Table2[[#This Row],[W]]-VLOOKUP(Table5[[#This Row],[VARIETY ]],MASTER!$B:$N,13,0))),0) -> 0 | X10: 9 | Y10: =IFERROR(IF(VLOOKUP(S10,MASTER!$B:$I,8,0)="40MM",((CONCATENATE(VLOOKUP(S10,MASTER!$B:$H,7,0),T10,"X",VLOOKUP(S10,MASTER!$B:$G,6,0),"X",VLOOKUP(S10,MASTER!$B:$I,8,0)))),(CONCATENATE(VLOOKUP(S10,MASTER!$B:$H,7,0),T10,"X",VLOOKUP(S10,MASTER!$B:$G,6,0),"X",VLOOKUP(S10,MASTER!$B:$I,8,0)))),"") | Z10: =Table2[[#This Row],[QTY]]*2 -> 0 | AA10: =IFERROR(IF(VLOOKUP(S10,MASTER!$B:$I,8,0)="40MM",((CONCATENATE(VLOOKUP(S10,MASTER!$B:$H,7,0),U10,"X",VLOOKUP(S10,MASTER!$B:$G,6,0),"X",VLOOKUP(S10,MASTER!$B:$I,8,0)))),((CONCATENATE(VLOOKUP(S10,MASTER!$B:$H,7,0),U10,"X",VLOOKUP(S10,MASTER!$B:$G,6,0),"X",VLOOKUP(S10,MASTER!$B:$I,8,0))))),"") | AB10: =+Table2[[#This Row],[QTY]]*2 -> 0 | AC10: =IF(OR(S10=MASTER!$B$2,S10=MASTER!$B$3,S10=MASTER!$B$4,S10=MASTER!$B$5,S10=MASTER!$B$6,S10=MASTER!$B$7,S10=MASTER!$B$8,S10=MASTER!$B$9,S10=MASTER!$B$10,S10=MASTER!$B$11,S10=MASTER!$B$12,S10=MASTER!$B$13,S10=MASTER!$B$93,S10=MASTER!$B$94,S10=MASTER!$B$128,S10=MASTER!$B$129,S10=MASTER!$B$130,S10=MASTER!$B$131,S10=MASTER!$B$132,S10=MASTER!$B$136,S10=MASTER!$B$137),(CONCATENATE(VLOOKUP(S10,MASTER!$B:$J,9,0),Table5[[#This Row],[TOP FOAM/REBOUND LENGTH]],"X",Table5[[#This Row],[TOP FOAM / REBOUND WIDTH]],"X",VLOOKUP(Table5[[#This Row],[VARIETY ]],MASTER!$B:$K,10,0))),"") | AD10: =+Table2[[#This Row],[QTY]]*1 -> 0 | AE10: =IF(OR(S10=MASTER!$B$2,S10=MASTER!$B$3,S10=MASTER!$B$4,S10=MASTER!$B$5,S10=MASTER!$B$6,S10=MASTER!$B$7,S10=MASTER!$B$8,S10=MASTER!$B$9,S10=MASTER!$B$136,S10=MASTER!$B$10,S10=MASTER!$B$11,S10=MASTER!$B$12,S10=MASTER!$B$13,S10=MASTER!$B$2,S10=MASTER!$B$132,S10=MASTER!$B$137),(CONCATENATE(VLOOKUP(S10,MASTER!$B:$J,9,0),Table5[[#This Row],[TOP FOAM/REBOUND LENGTH]],"X",Table5[[#This Row],[TOP FOAM / REBOUND WIDTH]],"X",VLOOKUP(Table5[[#This Row],[VARIETY ]],MASTER!$B:$L,11,0))),"") | AF10: =+Table2[[#This Row],[QTY]]*1 -> 0 | AH10: =+Table2[[#This Row],[VARIETY]] | AI10: =IFERROR(Table2[[#This Row],[STD-L]]-VLOOKUP(AH10,MASTER!$B:$E,4,0),0) -> 0 | AJ10: =IFERROR(Table2[[#This Row],[STD-W]]-VLOOKUP(AH10,MASTER!$B:$F,5,0),0) -> 0 | AK10: =IFERROR(L10-0.5,"") | AL10: =IFERROR(M10-0.5,"") | AN10: =IFERROR(CONCATENATE(VLOOKUP(AH10,MASTER!$B:$H,7,0),Table510[[#This Row],[ACTUAL LENGTH]],"0X",VLOOKUP(AH10,MASTER!$B:$G,6,0),"X",VLOOKUP(AH10,MASTER!$B:$I,8,0)),"") | AO10: =IFERROR(((VLOOKUP(Table611[[#This Row],[LENGTHSIZE]],'ALL NEW ITEM '!$E:$F,2,0)*2)*Q10),"") | AP10: =IFERROR(IF(VLOOKUP(AH10,MASTER!$B:$I,8,0)="40MM",(CONCATENATE(VLOOKUP(AH10,MASTER!$B:$H,7,0),Table510[[#This Row],[ACTUAL WIDTH]],"0X",VLOOKUP(AH10,MASTER!$B:$G,6,0),"X",VLOOKUP(AH10,MASTER!$B:$I,8,0))),(CONCATENATE(VLOOKUP(AH10,MASTER!$B:$H,7,0),Table510[[#This Row],[ACTUAL WIDTH]],"X",VLOOKUP(AH10,MASTER!$B:$G,6,0),"X",VLOOKUP(AH10,MASTER!$B:$I,8,0)))),"") | AQ10: =+IFERROR(((VLOOKUP(AP10,'ALL NEW ITEM '!$E:$F,2,0)*2)*Table2[[#This Row],[QTY]]),"") | AR10: =IF(OR(AH10=MASTER!$B$2,AH10=MASTER!$B$3,AH10=MASTER!$B$4,AH10=MASTER!$B$5,AH10=MASTER!$B$6,AH10=MASTER!$B$128,AH10=MASTER!$B$129,AH10=MASTER!$B$130,AH10=MASTER!$B$131,AH10=MASTER!$B$132,AH10=MASTER!$B$133,AH10=MASTER!$B$134,AH10=MASTER!$B$135,AH10=MASTER!$B$136,AH10=MASTER!$B$137),(CONCATENATE(VLOOKUP(AH10,MASTER!$B:$J,9,0),AK10,"0X",AL10,"0X",VLOOKUP(Table5[[#This Row],[VARIETY ]],MASTER!$B:$K,10,0))),"") | AS10: =IFERROR(VLOOKUP(AR10,'ALL NEW ITEM '!$E:$F,2,0)*Q10,"") | AT10: =IF(OR(AH10=MASTER!$B$2,AH10=MASTER!$B$3,AH10=MASTER!$B$4,AH10=MASTER!$B$5,AH10=MASTER!$B$6,AH10=MASTER!$B$2,AH10=MASTER!$B$132,AH10=MASTER!$B$135,AH10=MASTER!$B$136,AH10=MASTER!$B$137),(CONCATENATE(VLOOKUP(AH10,MASTER!$B:$J,9,0),AK10,"0X",AL10,"0X",VLOOKUP(Table5[[#This Row],[VARIETY ]],MASTER!$B:$L,11,0))),"") | AU10: =IFERROR(VLOOKUP(Table611[[#This Row],[TOPFOAM/REBOUND14]],'ALL NEW ITEM '!$E:$F,2,0)*Q10,"")
A11: =ROW()-1 -> 10 | B11: =LEFT(Table1[[#This Row],[ITEM CODE]],MIN(FIND({0,1,2,3,4,5,6,7,8,9},Table1[[#This Row],[ITEM CODE]]&"0123456789"))-1) | C11: =SUBSTITUTE(Table1[[#This Row],[ITEM CODE]],B11,"") | D11: =IFERROR(LEFT(C11,FIND("-",C11)-1),C11) | E11: =IFERROR(SEARCH("X",D11),"") | F11: =IFERROR(SEARCH("X",D11,E11+1),"") | G11: =IFERROR(LEFT(C11,SEARCH("x",C11)-1),"") | H11: =IFERROR(MID(D11,E11+1,F11-E11-1),"") | I11: =IFERROR(MID(D11,F11+1,20),"") | J11: =IFERROR(IF(Table2[[#This Row],[L]]<Table2[[#This Row],[W]],Table2[[#This Row],[W]],Table2[[#This Row],[L]]),"") | K11: =IF(Table2[[#This Row],[L]]<Table2[[#This Row],[W]],Table2[[#This Row],[L]],Table2[[#This Row],[W]]) | L11: =IFERROR(IF(J11="","",IF(VALUE(J11)>=VALUE(K11),IF(OR(VALUE(J11)=13,VALUE(J11)=20,VALUE(J11)=72,VALUE(J11)=75,VALUE(J11)=78,VALUE(J11)=80,VALUE(J11)=84),J11,IF(VALUE(J11)<72,72,IF(VALUE(J11)<75,75,IF(VALUE(J11)<78,78,IF(VALUE(J11)<80,80,IF(VALUE(J11)<84,84,IF(VALUE(J11)>84,84,""""))))))))),0) | M11: =IF(H11="","",IF(VALUE(J11)>=VALUE(K11),IF(OR(VALUE(K11)=13,VALUE(K11)=18,VALUE(K11)=18,VALUE(K11)=30,VALUE(K11)=33,VALUE(K11)=36,VALUE(K11)=39,VALUE(K11)=42,VALUE(K11)=45,VALUE(K11)=48,VALUE(K11)=51,VALUE(K11)=54,VALUE(K11)=57,VALUE(K11)=60,VALUE(K11)=63,VALUE(K11)=66,VALUE(K11)=69,VALUE(K11)=72),K11,IF(VALUE(K11)<30,30,IF(VALUE(K11)<33,33,IF(VALUE(H11)<36,36,IF(VALUE(H11)<39,39,IF(VALUE(H11)<42,42,IF(VALUE(H11)<45,45,IF(VALUE(H11)<48,48,IF(VALUE(H11)<51,51,IF(VALUE(H11)<54,54,IF(VALUE(H11)<57,57,IF(VALUE(K11)<60,60,IF(VALUE(K11)<63,63,IF(VALUE(K11)<66,66,IF(VALUE(K11)<69,69,IF(VALUE(K11)<72,72,IF(VALUE(K11)>72,72,""""))))))))))))))))))) | N11: =IFERROR(CONCATENATE(L11,"X",M11,"X",I11),"") -> XX | O11: =CONCATENATE(B11,N11) -> XX | P11: =+CONCATENATE(Table2[[#This Row],[1]],Table2[[#This Row],[H]]) | Q11: =+Table1[[#This Row],[QTY]] -> 0 | S11: =+Table2[[#This Row],[VARIETY]] | T11: =IFERROR(Table2[[#This Row],[L]]-VLOOKUP(Table5[[#This Row],[VARIETY ]],MASTER!$B:$E,4,0),0) -> 0 | U11: =IFERROR(Table2[[#This Row],[W]]-VLOOKUP(Table5[[#This Row],[VARIETY ]],MASTER!$B:$F,5,0),0) -> 0 | V11: =IFERROR(IF(VLOOKUP(Table5[[#This Row],[VARIETY ]],MASTER!$B:$M,12,0)=0,0,(Table2[[#This Row],[L]]-VLOOKUP(Table5[[#This Row],[VARIETY ]],MASTER!$B:$M,12,0))),0) -> 0 | W11: =IFERROR(IF(VLOOKUP(Table5[[#This Row],[VARIETY ]],MASTER!$B:$N,13,0)=0,0,(Table2[[#This Row],[W]]-VLOOKUP(Table5[[#This Row],[VARIETY ]],MASTER!$B:$N,13,0))),0) -> 0 | X11: 10 | Y11: =IFERROR(IF(VLOOKUP(S11,MASTER!$B:$I,8,0)="40MM",((CONCATENATE(VLOOKUP(S11,MASTER!$B:$H,7,0),T11,"X",VLOOKUP(S11,MASTER!$B:$G,6,0),"X",VLOOKUP(S11,MASTER!$B:$I,8,0)))),(CONCATENATE(VLOOKUP(S11,MASTER!$B:$H,7,0),T11,"X",VLOOKUP(S11,MASTER!$B:$G,6,0),"X",VLOOKUP(S11,MASTER!$B:$I,8,0)))),"") | Z11: =Table2[[#This Row],[QTY]]*2 -> 0 | AA11: =IFERROR(IF(VLOOKUP(S11,MASTER!$B:$I,8,0)="40MM",((CONCATENATE(VLOOKUP(S11,MASTER!$B:$H,7,0),U11,"X",VLOOKUP(S11,MASTER!$B:$G,6,0),"X",VLOOKUP(S11,MASTER!$B:$I,8,0)))),((CONCATENATE(VLOOKUP(S11,MASTER!$B:$H,7,0),U11,"X",VLOOKUP(S11,MASTER!$B:$G,6,0),"X",VLOOKUP(S11,MASTER!$B:$I,8,0))))),"") | AB11: =+Table2[[#This Row],[QTY]]*2 -> 0 | AC11: =IF(OR(S11=MASTER!$B$2,S11=MASTER!$B$3,S11=MASTER!$B$4,S11=MASTER!$B$5,S11=MASTER!$B$6,S11=MASTER!$B$7,S11=MASTER!$B$8,S11=MASTER!$B$9,S11=MASTER!$B$10,S11=MASTER!$B$11,S11=MASTER!$B$12,S11=MASTER!$B$13,S11=MASTER!$B$93,S11=MASTER!$B$94,S11=MASTER!$B$128,S11=MASTER!$B$129,S11=MASTER!$B$130,S11=MASTER!$B$131,S11=MASTER!$B$132,S11=MASTER!$B$136,S11=MASTER!$B$137),(CONCATENATE(VLOOKUP(S11,MASTER!$B:$J,9,0),Table5[[#This Row],[TOP FOAM/REBOUND LENGTH]],"X",Table5[[#This Row],[TOP FOAM / REBOUND WIDTH]],"X",VLOOKUP(Table5[[#This Row],[VARIETY ]],MASTER!$B:$K,10,0))),"") | AD11: =+Table2[[#This Row],[QTY]]*1 -> 0 | AE11: =IF(OR(S11=MASTER!$B$2,S11=MASTER!$B$3,S11=MASTER!$B$4,S11=MASTER!$B$5,S11=MASTER!$B$6,S11=MASTER!$B$7,S11=MASTER!$B$8,S11=MASTER!$B$9,S11=MASTER!$B$136,S11=MASTER!$B$10,S11=MASTER!$B$11,S11=MASTER!$B$12,S11=MASTER!$B$13,S11=MASTER!$B$2,S11=MASTER!$B$132,S11=MASTER!$B$137),(CONCATENATE(VLOOKUP(S11,MASTER!$B:$J,9,0),Table5[[#This Row],[TOP FOAM/REBOUND LENGTH]],"X",Table5[[#This Row],[TOP FOAM / REBOUND WIDTH]],"X",VLOOKUP(Table5[[#This Row],[VARIETY ]],MASTER!$B:$L,11,0))),"") | AF11: =+Table2[[#This Row],[QTY]]*1 -> 0 | AH11: =+Table2[[#This Row],[VARIETY]] | AI11: =IFERROR(Table2[[#This Row],[STD-L]]-VLOOKUP(AH11,MASTER!$B:$E,4,0),0) -> 0 | AJ11: =IFERROR(Table2[[#This Row],[STD-W]]-VLOOKUP(AH11,MASTER!$B:$F,5,0),0) -> 0 | AK11: =IFERROR(L11-0.5,"") | AL11: =IFERROR(M11-0.5,"") | AN11: =IFERROR(CONCATENATE(VLOOKUP(AH11,MASTER!$B:$H,7,0),Table510[[#This Row],[ACTUAL LENGTH]],"0X",VLOOKUP(AH11,MASTER!$B:$G,6,0),"X",VLOOKUP(AH11,MASTER!$B:$I,8,0)),"") | AO11: =IFERROR(((VLOOKUP(Table611[[#This Row],[LENGTHSIZE]],'ALL NEW ITEM '!$E:$F,2,0)*2)*Q11),"") | AP11: =IFERROR(IF(VLOOKUP(AH11,MASTER!$B:$I,8,0)="40MM",(CONCATENATE(VLOOKUP(AH11,MASTER!$B:$H,7,0),Table510[[#This Row],[ACTUAL WIDTH]],"0X",VLOOKUP(AH11,MASTER!$B:$G,6,0),"X",VLOOKUP(AH11,MASTER!$B:$I,8,0))),(CONCATENATE(VLOOKUP(AH11,MASTER!$B:$H,7,0),Table510[[#This Row],[ACTUAL WIDTH]],"X",VLOOKUP(AH11,MASTER!$B:$G,6,0),"X",VLOOKUP(AH11,MASTER!$B:$I,8,0)))),"") | AQ11: =+IFERROR(((VLOOKUP(AP11,'ALL NEW ITEM '!$E:$F,2,0)*2)*Table2[[#This Row],[QTY]]),"") | AR11: =IF(OR(AH11=MASTER!$B$2,AH11=MASTER!$B$3,AH11=MASTER!$B$4,AH11=MASTER!$B$5,AH11=MASTER!$B$6,AH11=MASTER!$B$128,AH11=MASTER!$B$129,AH11=MASTER!$B$130,AH11=MASTER!$B$131,AH11=MASTER!$B$132,AH11=MASTER!$B$133,AH11=MASTER!$B$134,AH11=MASTER!$B$135,AH11=MASTER!$B$136,AH11=MASTER!$B$137),(CONCATENATE(VLOOKUP(AH11,MASTER!$B:$J,9,0),AK11,"0X",AL11,"0X",VLOOKUP(Table5[[#This Row],[VARIETY ]],MASTER!$B:$K,10,0))),"") | AS11: =IFERROR(VLOOKUP(AR11,'ALL NEW ITEM '!$E:$F,2,0)*Q11,"") | AT11: =IF(OR(AH11=MASTER!$B$2,AH11=MASTER!$B$3,AH11=MASTER!$B$4,AH11=MASTER!$B$5,AH11=MASTER!$B$6,AH11=MASTER!$B$2,AH11=MASTER!$B$132,AH11=MASTER!$B$135,AH11=MASTER!$B$136,AH11=MASTER!$B$137),(CONCATENATE(VLOOKUP(AH11,MASTER!$B:$J,9,0),AK11,"0X",AL11,"0X",VLOOKUP(Table5[[#This Row],[VARIETY ]],MASTER!$B:$L,11,0))),"") | AU11: =IFERROR(VLOOKUP(Table611[[#This Row],[TOPFOAM/REBOUND14]],'ALL NEW ITEM '!$E:$F,2,0)*Q11,"")
A12: =ROW()-1 -> 11 | B12: =LEFT(Table1[[#This Row],[ITEM CODE]],MIN(FIND({0,1,2,3,4,5,6,7,8,9},Table1[[#This Row],[ITEM CODE]]&"0123456789"))-1) | C12: =SUBSTITUTE(Table1[[#This Row],[ITEM CODE]],B12,"") | D12: =IFERROR(LEFT(C12,FIND("-",C12)-1),C12) | E12: =IFERROR(SEARCH("X",D12),"") | F12: =IFERROR(SEARCH("X",D12,E12+1),"") | G12: =IFERROR(LEFT(C12,SEARCH("x",C12)-1),"") | H12: =IFERROR(MID(D12,E12+1,F12-E12-1),"") | I12: =IFERROR(MID(D12,F12+1,20),"") | J12: =IFERROR(IF(Table2[[#This Row],[L]]<Table2[[#This Row],[W]],Table2[[#This Row],[W]],Table2[[#This Row],[L]]),"") | K12: =IF(Table2[[#This Row],[L]]<Table2[[#This Row],[W]],Table2[[#This Row],[L]],Table2[[#This Row],[W]]) | L12: =IFERROR(IF(J12="","",IF(VALUE(J12)>=VALUE(K12),IF(OR(VALUE(J12)=13,VALUE(J12)=20,VALUE(J12)=72,VALUE(J12)=75,VALUE(J12)=78,VALUE(J12)=80,VALUE(J12)=84),J12,IF(VALUE(J12)<72,72,IF(VALUE(J12)<75,75,IF(VALUE(J12)<78,78,IF(VALUE(J12)<80,80,IF(VALUE(J12)<84,84,IF(VALUE(J12)>84,84,""""))))))))),0) | M12: =IF(H12="","",IF(VALUE(J12)>=VALUE(K12),IF(OR(VALUE(K12)=13,VALUE(K12)=18,VALUE(K12)=18,VALUE(K12)=30,VALUE(K12)=33,VALUE(K12)=36,VALUE(K12)=39,VALUE(K12)=42,VALUE(K12)=45,VALUE(K12)=48,VALUE(K12)=51,VALUE(K12)=54,VALUE(K12)=57,VALUE(K12)=60,VALUE(K12)=63,VALUE(K12)=66,VALUE(K12)=69,VALUE(K12)=72),K12,IF(VALUE(K12)<30,30,IF(VALUE(K12)<33,33,IF(VALUE(H12)<36,36,IF(VALUE(H12)<39,39,IF(VALUE(H12)<42,42,IF(VALUE(H12)<45,45,IF(VALUE(H12)<48,48,IF(VALUE(H12)<51,51,IF(VALUE(H12)<54,54,IF(VALUE(H12)<57,57,IF(VALUE(K12)<60,60,IF(VALUE(K12)<63,63,IF(VALUE(K12)<66,66,IF(VALUE(K12)<69,69,IF(VALUE(K12)<72,72,IF(VALUE(K12)>72,72,""""))))))))))))))))))) | N12: =IFERROR(CONCATENATE(L12,"X",M12,"X",I12),"") -> XX | O12: =CONCATENATE(B12,N12) -> XX | P12: =+CONCATENATE(Table2[[#This Row],[1]],Table2[[#This Row],[H]]) | Q12: =+Table1[[#This Row],[QTY]] -> 0 | S12: =+Table2[[#This Row],[VARIETY]] | T12: =IFERROR(Table2[[#This Row],[L]]-VLOOKUP(Table5[[#This Row],[VARIETY ]],MASTER!$B:$E,4,0),0) -> 0 | U12: =IFERROR(Table2[[#This Row],[W]]-VLOOKUP(Table5[[#This Row],[VARIETY ]],MASTER!$B:$F,5,0),0) -> 0 | V12: =IFERROR(IF(VLOOKUP(Table5[[#This Row],[VARIETY ]],MASTER!$B:$M,12,0)=0,0,(Table2[[#This Row],[L]]-VLOOKUP(Table5[[#This Row],[VARIETY ]],MASTER!$B:$M,12,0))),0) -> 0 | W12: =IFERROR(IF(VLOOKUP(Table5[[#This Row],[VARIETY ]],MASTER!$B:$N,13,0)=0,0,(Table2[[#This Row],[W]]-VLOOKUP(Table5[[#This Row],[VARIETY ]],MASTER!$B:$N,13,0))),0) -> 0 | X12: 11 | Y12: =IFERROR(IF(VLOOKUP(S12,MASTER!$B:$I,8,0)="40MM",((CONCATENATE(VLOOKUP(S12,MASTER!$B:$H,7,0),T12,"X",VLOOKUP(S12,MASTER!$B:$G,6,0),"X",VLOOKUP(S12,MASTER!$B:$I,8,0)))),(CONCATENATE(VLOOKUP(S12,MASTER!$B:$H,7,0),T12,"X",VLOOKUP(S12,MASTER!$B:$G,6,0),"X",VLOOKUP(S12,MASTER!$B:$I,8,0)))),"") | Z12: =Table2[[#This Row],[QTY]]*2 -> 0 | AA12: =IFERROR(IF(VLOOKUP(S12,MASTER!$B:$I,8,0)="40MM",((CONCATENATE(VLOOKUP(S12,MASTER!$B:$H,7,0),U12,"X",VLOOKUP(S12,MASTER!$B:$G,6,0),"X",VLOOKUP(S12,MASTER!$B:$I,8,0)))),((CONCATENATE(VLOOKUP(S12,MASTER!$B:$H,7,0),U12,"X",VLOOKUP(S12,MASTER!$B:$G,6,0),"X",VLOOKUP(S12,MASTER!$B:$I,8,0))))),"") | AB12: =+Table2[[#This Row],[QTY]]*2 -> 0 | AC12: =IF(OR(S12=MASTER!$B$2,S12=MASTER!$B$3,S12=MASTER!$B$4,S12=MASTER!$B$5,S12=MASTER!$B$6,S12=MASTER!$B$7,S12=MASTER!$B$8,S12=MASTER!$B$9,S12=MASTER!$B$10,S12=MASTER!$B$11,S12=MASTER!$B$12,S12=MASTER!$B$13,S12=MASTER!$B$93,S12=MASTER!$B$94,S12=MASTER!$B$128,S12=MASTER!$B$129,S12=MASTER!$B$130,S12=MASTER!$B$131,S12=MASTER!$B$132,S12=MASTER!$B$136,S12=MASTER!$B$137),(CONCATENATE(VLOOKUP(S12,MASTER!$B:$J,9,0),Table5[[#This Row],[TOP FOAM/REBOUND LENGTH]],"X",Table5[[#This Row],[TOP FOAM / REBOUND WIDTH]],"X",VLOOKUP(Table5[[#This Row],[VARIETY ]],MASTER!$B:$K,10,0))),"") | AD12: =+Table2[[#This Row],[QTY]]*1 -> 0 | AE12: =IF(OR(S12=MASTER!$B$2,S12=MASTER!$B$3,S12=MASTER!$B$4,S12=MASTER!$B$5,S12=MASTER!$B$6,S12=MASTER!$B$7,S12=MASTER!$B$8,S12=MASTER!$B$9,S12=MASTER!$B$136,S12=MASTER!$B$10,S12=MASTER!$B$11,S12=MASTER!$B$12,S12=MASTER!$B$13,S12=MASTER!$B$2,S12=MASTER!$B$132,S12=MASTER!$B$137),(CONCATENATE(VLOOKUP(S12,MASTER!$B:$J,9,0),Table5[[#This Row],[TOP FOAM/REBOUND LENGTH]],"X",Table5[[#This Row],[TOP FOAM / REBOUND WIDTH]],"X",VLOOKUP(Table5[[#This Row],[VARIETY ]],MASTER!$B:$L,11,0))),"") | AF12: =+Table2[[#This Row],[QTY]]*1 -> 0 | AH12: =+Table2[[#This Row],[VARIETY]] | AI12: =IFERROR(Table2[[#This Row],[STD-L]]-VLOOKUP(AH12,MASTER!$B:$E,4,0),0) -> 0 | AJ12: =IFERROR(Table2[[#This Row],[STD-W]]-VLOOKUP(AH12,MASTER!$B:$F,5,0),0) -> 0 | AK12: =IFERROR(L12-0.5,"") | AL12: =IFERROR(M12-0.5,"") | AN12: =IFERROR(CONCATENATE(VLOOKUP(AH12,MASTER!$B:$H,7,0),Table510[[#This Row],[ACTUAL LENGTH]],"0X",VLOOKUP(AH12,MASTER!$B:$G,6,0),"X",VLOOKUP(AH12,MASTER!$B:$I,8,0)),"") | AO12: =IFERROR(((VLOOKUP(Table611[[#This Row],[LENGTHSIZE]],'ALL NEW ITEM '!$E:$F,2,0)*2)*Q12),"") | AP12: =IFERROR(IF(VLOOKUP(AH12,MASTER!$B:$I,8,0)="40MM",(CONCATENATE(VLOOKUP(AH12,MASTER!$B:$H,7,0),Table510[[#This Row],[ACTUAL WIDTH]],"0X",VLOOKUP(AH12,MASTER!$B:$G,6,0),"X",VLOOKUP(AH12,MASTER!$B:$I,8,0))),(CONCATENATE(VLOOKUP(AH12,MASTER!$B:$H,7,0),Table510[[#This Row],[ACTUAL WIDTH]],"X",VLOOKUP(AH12,MASTER!$B:$G,6,0),"X",VLOOKUP(AH12,MASTER!$B:$I,8,0)))),"") | AQ12: =+IFERROR(((VLOOKUP(AP12,'ALL NEW ITEM '!$E:$F,2,0)*2)*Table2[[#This Row],[QTY]]),"") | AR12: =IF(OR(AH12=MASTER!$B$2,AH12=MASTER!$B$3,AH12=MASTER!$B$4,AH12=MASTER!$B$5,AH12=MASTER!$B$6,AH12=MASTER!$B$128,AH12=MASTER!$B$129,AH12=MASTER!$B$130,AH12=MASTER!$B$131,AH12=MASTER!$B$132,AH12=MASTER!$B$133,AH12=MASTER!$B$134,AH12=MASTER!$B$135,AH12=MASTER!$B$136,AH12=MASTER!$B$137),(CONCATENATE(VLOOKUP(AH12,MASTER!$B:$J,9,0),AK12,"0X",AL12,"0X",VLOOKUP(Table5[[#This Row],[VARIETY ]],MASTER!$B:$K,10,0))),"") | AS12: =IFERROR(VLOOKUP(AR12,'ALL NEW ITEM '!$E:$F,2,0)*Q12,"") | AT12: =IF(OR(AH12=MASTER!$B$2,AH12=MASTER!$B$3,AH12=MASTER!$B$4,AH12=MASTER!$B$5,AH12=MASTER!$B$6,AH12=MASTER!$B$2,AH12=MASTER!$B$132,AH12=MASTER!$B$135,AH12=MASTER!$B$136,AH12=MASTER!$B$137),(CONCATENATE(VLOOKUP(AH12,MASTER!$B:$J,9,0),AK12,"0X",AL12,"0X",VLOOKUP(Table5[[#This Row],[VARIETY ]],MASTER!$B:$L,11,0))),"") | AU12: =IFERROR(VLOOKUP(Table611[[#This Row],[TOPFOAM/REBOUND14]],'ALL NEW ITEM '!$E:$F,2,0)*Q12,"")
A13: =ROW()-1 -> 12 | B13: =LEFT(Table1[[#This Row],[ITEM CODE]],MIN(FIND({0,1,2,3,4,5,6,7,8,9},Table1[[#This Row],[ITEM CODE]]&"0123456789"))-1) | C13: =SUBSTITUTE(Table1[[#This Row],[ITEM CODE]],B13,"") | D13: =IFERROR(LEFT(C13,FIND("-",C13)-1),C13) | E13: =IFERROR(SEARCH("X",D13),"") | F13: =IFERROR(SEARCH("X",D13,E13+1),"") | G13: =IFERROR(LEFT(C13,SEARCH("x",C13)-1),"") | H13: =IFERROR(MID(D13,E13+1,F13-E13-1),"") | I13: =IFERROR(MID(D13,F13+1,20),"") | J13: =IFERROR(IF(Table2[[#This Row],[L]]<Table2[[#This Row],[W]],Table2[[#This Row],[W]],Table2[[#This Row],[L]]),"") | K13: =IF(Table2[[#This Row],[L]]<Table2[[#This Row],[W]],Table2[[#This Row],[L]],Table2[[#This Row],[W]]) | L13: =IFERROR(IF(J13="","",IF(VALUE(J13)>=VALUE(K13),IF(OR(VALUE(J13)=13,VALUE(J13)=20,VALUE(J13)=72,VALUE(J13)=75,VALUE(J13)=78,VALUE(J13)=80,VALUE(J13)=84),J13,IF(VALUE(J13)<72,72,IF(VALUE(J13)<75,75,IF(VALUE(J13)<78,78,IF(VALUE(J13)<80,80,IF(VALUE(J13)<84,84,IF(VALUE(J13)>84,84,""""))))))))),0) | M13: =IF(H13="","",IF(VALUE(J13)>=VALUE(K13),IF(OR(VALUE(K13)=13,VALUE(K13)=18,VALUE(K13)=18,VALUE(K13)=30,VALUE(K13)=33,VALUE(K13)=36,VALUE(K13)=39,VALUE(K13)=42,VALUE(K13)=45,VALUE(K13)=48,VALUE(K13)=51,VALUE(K13)=54,VALUE(K13)=57,VALUE(K13)=60,VALUE(K13)=63,VALUE(K13)=66,VALUE(K13)=69,VALUE(K13)=72),K13,IF(VALUE(K13)<30,30,IF(VALUE(K13)<33,33,IF(VALUE(H13)<36,36,IF(VALUE(H13)<39,39,IF(VALUE(H13)<42,42,IF(VALUE(H13)<45,45,IF(VALUE(H13)<48,48,IF(VALUE(H13)<51,51,IF(VALUE(H13)<54,54,IF(VALUE(H13)<57,57,IF(VALUE(K13)<60,60,IF(VALUE(K13)<63,63,IF(VALUE(K13)<66,66,IF(VALUE(K13)<69,69,IF(VALUE(K13)<72,72,IF(VALUE(K13)>72,72,""""))))))))))))))))))) | N13: =IFERROR(CONCATENATE(L13,"X",M13,"X",I13),"") -> XX | O13: =CONCATENATE(B13,N13) -> XX | P13: =+CONCATENATE(Table2[[#This Row],[1]],Table2[[#This Row],[H]]) | Q13: =+Table1[[#This Row],[QTY]] -> 0 | S13: =+Table2[[#This Row],[VARIETY]] | T13: =IFERROR(Table2[[#This Row],[L]]-VLOOKUP(Table5[[#This Row],[VARIETY ]],MASTER!$B:$E,4,0),0) -> 0 | U13: =IFERROR(Table2[[#This Row],[W]]-VLOOKUP(Table5[[#This Row],[VARIETY ]],MASTER!$B:$F,5,0),0) -> 0 | V13: =IFERROR(IF(VLOOKUP(Table5[[#This Row],[VARIETY ]],MASTER!$B:$M,12,0)=0,0,(Table2[[#This Row],[L]]-VLOOKUP(Table5[[#This Row],[VARIETY ]],MASTER!$B:$M,12,0))),0) -> 0 | W13: =IFERROR(IF(VLOOKUP(Table5[[#This Row],[VARIETY ]],MASTER!$B:$N,13,0)=0,0,(Table2[[#This Row],[W]]-VLOOKUP(Table5[[#This Row],[VARIETY ]],MASTER!$B:$N,13,0))),0) -> 0 | X13: 12 | Y13: =IFERROR(IF(VLOOKUP(S13,MASTER!$B:$I,8,0)="40MM",((CONCATENATE(VLOOKUP(S13,MASTER!$B:$H,7,0),T13,"X",VLOOKUP(S13,MASTER!$B:$G,6,0),"X",VLOOKUP(S13,MASTER!$B:$I,8,0)))),(CONCATENATE(VLOOKUP(S13,MASTER!$B:$H,7,0),T13,"X",VLOOKUP(S13,MASTER!$B:$G,6,0),"X",VLOOKUP(S13,MASTER!$B:$I,8,0)))),"") | Z13: =Table2[[#This Row],[QTY]]*2 -> 0 | AA13: =IFERROR(IF(VLOOKUP(S13,MASTER!$B:$I,8,0)="40MM",((CONCATENATE(VLOOKUP(S13,MASTER!$B:$H,7,0),U13,"X",VLOOKUP(S13,MASTER!$B:$G,6,0),"X",VLOOKUP(S13,MASTER!$B:$I,8,0)))),((CONCATENATE(VLOOKUP(S13,MASTER!$B:$H,7,0),U13,"X",VLOOKUP(S13,MASTER!$B:$G,6,0),"X",VLOOKUP(S13,MASTER!$B:$I,8,0))))),"") | AB13: =+Table2[[#This Row],[QTY]]*2 -> 0 | AC13: =IF(OR(S13=MASTER!$B$2,S13=MASTER!$B$3,S13=MASTER!$B$4,S13=MASTER!$B$5,S13=MASTER!$B$6,S13=MASTER!$B$7,S13=MASTER!$B$8,S13=MASTER!$B$9,S13=MASTER!$B$10,S13=MASTER!$B$11,S13=MASTER!$B$12,S13=MASTER!$B$13,S13=MASTER!$B$93,S13=MASTER!$B$94,S13=MASTER!$B$128,S13=MASTER!$B$129,S13=MASTER!$B$130,S13=MASTER!$B$131,S13=MASTER!$B$132,S13=MASTER!$B$136,S13=MASTER!$B$137),(CONCATENATE(VLOOKUP(S13,MASTER!$B:$J,9,0),Table5[[#This Row],[TOP FOAM/REBOUND LENGTH]],"X",Table5[[#This Row],[TOP FOAM / REBOUND WIDTH]],"X",VLOOKUP(Table5[[#This Row],[VARIETY ]],MASTER!$B:$K,10,0))),"") | AD13: =+Table2[[#This Row],[QTY]]*1 -> 0 | AE13: =IF(OR(S13=MASTER!$B$2,S13=MASTER!$B$3,S13=MASTER!$B$4,S13=MASTER!$B$5,S13=MASTER!$B$6,S13=MASTER!$B$7,S13=MASTER!$B$8,S13=MASTER!$B$9,S13=MASTER!$B$136,S13=MASTER!$B$10,S13=MASTER!$B$11,S13=MASTER!$B$12,S13=MASTER!$B$13,S13=MASTER!$B$2,S13=MASTER!$B$132,S13=MASTER!$B$137),(CONCATENATE(VLOOKUP(S13,MASTER!$B:$J,9,0),Table5[[#This Row],[TOP FOAM/REBOUND LENGTH]],"X",Table5[[#This Row],[TOP FOAM / REBOUND WIDTH]],"X",VLOOKUP(Table5[[#This Row],[VARIETY ]],MASTER!$B:$L,11,0))),"") | AF13: =+Table2[[#This Row],[QTY]]*1 -> 0 | AH13: =+Table2[[#This Row],[VARIETY]] | AI13: =IFERROR(Table2[[#This Row],[STD-L]]-VLOOKUP(AH13,MASTER!$B:$E,4,0),0) -> 0 | AJ13: =IFERROR(Table2[[#This Row],[STD-W]]-VLOOKUP(AH13,MASTER!$B:$F,5,0),0) -> 0 | AK13: =IFERROR(L13-0.5,"") | AL13: =IFERROR(M13-0.5,"") | AN13: =IFERROR(CONCATENATE(VLOOKUP(AH13,MASTER!$B:$H,7,0),Table510[[#This Row],[ACTUAL LENGTH]],"0X",VLOOKUP(AH13,MASTER!$B:$G,6,0),"X",VLOOKUP(AH13,MASTER!$B:$I,8,0)),"") | AO13: =IFERROR(((VLOOKUP(Table611[[#This Row],[LENGTHSIZE]],'ALL NEW ITEM '!$E:$F,2,0)*2)*Q13),"") | AP13: =IFERROR(IF(VLOOKUP(AH13,MASTER!$B:$I,8,0)="40MM",(CONCATENATE(VLOOKUP(AH13,MASTER!$B:$H,7,0),Table510[[#This Row],[ACTUAL WIDTH]],"0X",VLOOKUP(AH13,MASTER!$B:$G,6,0),"X",VLOOKUP(AH13,MASTER!$B:$I,8,0))),(CONCATENATE(VLOOKUP(AH13,MASTER!$B:$H,7,0),Table510[[#This Row],[ACTUAL WIDTH]],"X",VLOOKUP(AH13,MASTER!$B:$G,6,0),"X",VLOOKUP(AH13,MASTER!$B:$I,8,0)))),"") | AQ13: =+IFERROR(((VLOOKUP(AP13,'ALL NEW ITEM '!$E:$F,2,0)*2)*Table2[[#This Row],[QTY]]),"") | AR13: =IF(OR(AH13=MASTER!$B$2,AH13=MASTER!$B$3,AH13=MASTER!$B$4,AH13=MASTER!$B$5,AH13=MASTER!$B$6,AH13=MASTER!$B$128,AH13=MASTER!$B$129,AH13=MASTER!$B$130,AH13=MASTER!$B$131,AH13=MASTER!$B$132,AH13=MASTER!$B$133,AH13=MASTER!$B$134,AH13=MASTER!$B$135,AH13=MASTER!$B$136,AH13=MASTER!$B$137),(CONCATENATE(VLOOKUP(AH13,MASTER!$B:$J,9,0),AK13,"0X",AL13,"0X",VLOOKUP(Table5[[#This Row],[VARIETY ]],MASTER!$B:$K,10,0))),"") | AS13: =IFERROR(VLOOKUP(AR13,'ALL NEW ITEM '!$E:$F,2,0)*Q13,"") | AT13: =IF(OR(AH13=MASTER!$B$2,AH13=MASTER!$B$3,AH13=MASTER!$B$4,AH13=MASTER!$B$5,AH13=MASTER!$B$6,AH13=MASTER!$B$2,AH13=MASTER!$B$132,AH13=MASTER!$B$135,AH13=MASTER!$B$136,AH13=MASTER!$B$137),(CONCATENATE(VLOOKUP(AH13,MASTER!$B:$J,9,0),AK13,"0X",AL13,"0X",VLOOKUP(Table5[[#This Row],[VARIETY ]],MASTER!$B:$L,11,0))),"") | AU13: =IFERROR(VLOOKUP(Table611[[#This Row],[TOPFOAM/REBOUND14]],'ALL NEW ITEM '!$E:$F,2,0)*Q13,"")
... A51: =ROW()-1 -> 50 | B51: =LEFT(Table1[[#This Row],[ITEM CODE]],MIN(FIND({0,1,2,3,4,5,6,7,8,9},Table1[[#This Row],[ITEM CODE]]&"0123456789"))-1) | C51: =SUBSTITUTE(Table1[[#This Row],[ITEM CODE]],B51,"") | D51: =IFERROR(LEFT(C51,FIND("-",C51)-1),C51) | E51: =IFERROR(SEARCH("X",D51),"") | F51: =IFERROR(SEARCH("X",D51,E51+1),"") | G51: =IFERROR(LEFT(C51,SEARCH("x",C51)-1),"") | H51: =IFERROR(MID(D51,E51+1,F51-E51-1),"") | I51: =IFERROR(MID(D51,F51+1,20),"") | J51: =IFERROR(IF(Table2[[#This Row],[L]]<Table2[[#This Row],[W]],Table2[[#This Row],[W]],Table2[[#This Row],[L]]),"") | K51: =IF(Table2[[#This Row],[L]]<Table2[[#This Row],[W]],Table2[[#This Row],[L]],Table2[[#This Row],[W]]) | L51: =IFERROR(IF(J51="","",IF(VALUE(J51)>=VALUE(K51),IF(OR(VALUE(J51)=13,VALUE(J51)=20,VALUE(J51)=72,VALUE(J51)=75,VALUE(J51)=78,VALUE(J51)=80,VALUE(J51)=84),J51,IF(VALUE(J51)<72,72,IF(VALUE(J51)<75,75,IF(VALUE(J51)<78,78,IF(VALUE(J51)<80,80,IF(VALUE(J51)<84,84,IF(VALUE(J51)>84,84,""""))))))))),0) | M51: =IF(H51="","",IF(VALUE(J51)>=VALUE(K51),IF(OR(VALUE(K51)=13,VALUE(K51)=18,VALUE(K51)=18,VALUE(K51)=30,VALUE(K51)=33,VALUE(K51)=36,VALUE(K51)=39,VALUE(K51)=42,VALUE(K51)=45,VALUE(K51)=48,VALUE(K51)=51,VALUE(K51)=54,VALUE(K51)=57,VALUE(K51)=60,VALUE(K51)=63,VALUE(K51)=66,VALUE(K51)=69,VALUE(K51)=72),K51,IF(VALUE(K51)<30,30,IF(VALUE(K51)<33,33,IF(VALUE(H51)<36,36,IF(VALUE(H51)<39,39,IF(VALUE(H51)<42,42,IF(VALUE(H51)<45,45,IF(VALUE(H51)<48,48,IF(VALUE(H51)<51,51,IF(VALUE(H51)<54,54,IF(VALUE(H51)<57,57,IF(VALUE(K51)<60,60,IF(VALUE(K51)<63,63,IF(VALUE(K51)<66,66,IF(VALUE(K51)<69,69,IF(VALUE(K51)<72,72,IF(VALUE(K51)>72,72,""""))))))))))))))))))) | N51: =IFERROR(CONCATENATE(L51,"X",M51,"X",I51),"") -> XX | O51: =CONCATENATE(B51,N51) -> XX | P51: =+CONCATENATE(Table2[[#This Row],[1]],Table2[[#This Row],[H]]) | Q51: =+Table1[[#This Row],[QTY]] -> 0 | S51: =+Table2[[#This Row],[VARIETY]] | T51: =IFERROR(Table2[[#This Row],[L]]-VLOOKUP(Table5[[#This Row],[VARIETY ]],MASTER!$B:$E,4,0),0) -> 0 | U51: =IFERROR(Table2[[#This Row],[W]]-VLOOKUP(Table5[[#This Row],[VARIETY ]],MASTER!$B:$F,5,0),0) -> 0 | V51: =IFERROR(IF(VLOOKUP(Table5[[#This Row],[VARIETY ]],MASTER!$B:$M,12,0)=0,0,(Table2[[#This Row],[L]]-VLOOKUP(Table5[[#This Row],[VARIETY ]],MASTER!$B:$M,12,0))),0) -> 0 | W51: =IFERROR(IF(VLOOKUP(Table5[[#This Row],[VARIETY ]],MASTER!$B:$N,13,0)=0,0,(Table2[[#This Row],[W]]-VLOOKUP(Table5[[#This Row],[VARIETY ]],MASTER!$B:$N,13,0))),0) -> 0 | X51: 50 | Y51: =IFERROR(IF(VLOOKUP(S51,MASTER!$B:$I,8,0)="40MM",((CONCATENATE(VLOOKUP(S51,MASTER!$B:$H,7,0),T51,"X",VLOOKUP(S51,MASTER!$B:$G,6,0),"X",VLOOKUP(S51,MASTER!$B:$I,8,0)))),(CONCATENATE(VLOOKUP(S51,MASTER!$B:$H,7,0),T51,"X",VLOOKUP(S51,MASTER!$B:$G,6,0),"X",VLOOKUP(S51,MASTER!$B:$I,8,0)))),"") | Z51: =Table2[[#This Row],[QTY]]*2 -> 0 | AA51: =IFERROR(IF(VLOOKUP(S51,MASTER!$B:$I,8,0)="40MM",((CONCATENATE(VLOOKUP(S51,MASTER!$B:$H,7,0),U51,"X",VLOOKUP(S51,MASTER!$B:$G,6,0),"X",VLOOKUP(S51,MASTER!$B:$I,8,0)))),((CONCATENATE(VLOOKUP(S51,MASTER!$B:$H,7,0),U51,"X",VLOOKUP(S51,MASTER!$B:$G,6,0),"X",VLOOKUP(S51,MASTER!$B:$I,8,0))))),"") | AB51: =+Table2[[#This Row],[QTY]]*2 -> 0 | AC51: =IF(OR(S51=MASTER!$B$2,S51=MASTER!$B$3,S51=MASTER!$B$4,S51=MASTER!$B$5,S51=MASTER!$B$6,S51=MASTER!$B$7,S51=MASTER!$B$8,S51=MASTER!$B$9,S51=MASTER!$B$10,S51=MASTER!$B$11,S51=MASTER!$B$12,S51=MASTER!$B$13,S51=MASTER!$B$93,S51=MASTER!$B$94,S51=MASTER!$B$128,S51=MASTER!$B$129,S51=MASTER!$B$130,S51=MASTER!$B$131,S51=MASTER!$B$132,S51=MASTER!$B$136,S51=MASTER!$B$137),(CONCATENATE(VLOOKUP(S51,MASTER!$B:$J,9,0),Table5[[#This Row],[TOP FOAM/REBOUND LENGTH]],"X",Table5[[#This Row],[TOP FOAM / REBOUND WIDTH]],"X",VLOOKUP(Table5[[#This Row],[VARIETY ]],MASTER!$B:$K,10,0))),"") | AD51: =+Table2[[#This Row],[QTY]]*1 -> 0 | AE51: =IF(OR(S51=MASTER!$B$2,S51=MASTER!$B$3,S51=MASTER!$B$4,S51=MASTER!$B$5,S51=MASTER!$B$6,S51=MASTER!$B$7,S51=MASTER!$B$8,S51=MASTER!$B$9,S51=MASTER!$B$136,S51=MASTER!$B$10,S51=MASTER!$B$11,S51=MASTER!$B$12,S51=MASTER!$B$13,S51=MASTER!$B$2,S51=MASTER!$B$132,S51=MASTER!$B$137),(CONCATENATE(VLOOKUP(S51,MASTER!$B:$J,9,0),Table5[[#This Row],[TOP FOAM/REBOUND LENGTH]],"X",Table5[[#This Row],[TOP FOAM / REBOUND WIDTH]],"X",VLOOKUP(Table5[[#This Row],[VARIETY ]],MASTER!$B:$L,11,0))),"") | AF51: =+Table2[[#This Row],[QTY]]*1 -> 0 | AH51: =+Table2[[#This Row],[VARIETY]] | AI51: =IFERROR(Table2[[#This Row],[STD-L]]-VLOOKUP(AH51,MASTER!$B:$E,4,0),0) -> 0 | AJ51: =IFERROR(Table2[[#This Row],[STD-W]]-VLOOKUP(AH51,MASTER!$B:$F,5,0),0) -> 0 | AK51: =IFERROR(L51-0.5,"") | AL51: =IFERROR(M51-0.5,"") | AN51: =IFERROR(CONCATENATE(VLOOKUP(AH51,MASTER!$B:$H,7,0),Table510[[#This Row],[ACTUAL LENGTH]],"0X",VLOOKUP(AH51,MASTER!$B:$G,6,0),"X",VLOOKUP(AH51,MASTER!$B:$I,8,0)),"") | AO51: =IFERROR(((VLOOKUP(Table611[[#This Row],[LENGTHSIZE]],'ALL NEW ITEM '!$E:$F,2,0)*2)*Q51),"") | AP51: =IFERROR(IF(VLOOKUP(AH51,MASTER!$B:$I,8,0)="40MM",(CONCATENATE(VLOOKUP(AH51,MASTER!$B:$H,7,0),Table510[[#This Row],[ACTUAL WIDTH]],"0X",VLOOKUP(AH51,MASTER!$B:$G,6,0),"X",VLOOKUP(AH51,MASTER!$B:$I,8,0))),(CONCATENATE(VLOOKUP(AH51,MASTER!$B:$H,7,0),Table510[[#This Row],[ACTUAL WIDTH]],"X",VLOOKUP(AH51,MASTER!$B:$G,6,0),"X",VLOOKUP(AH51,MASTER!$B:$I,8,0)))),"") | AQ51: =+IFERROR(((VLOOKUP(AP51,'ALL NEW ITEM '!$E:$F,2,0)*2)*Table2[[#This Row],[QTY]]),"") | AR51: =IF(OR(AH51=MASTER!$B$2,AH51=MASTER!$B$3,AH51=MASTER!$B$4,AH51=MASTER!$B$5,AH51=MASTER!$B$6,AH51=MASTER!$B$128,AH51=MASTER!$B$129,AH51=MASTER!$B$130,AH51=MASTER!$B$131,AH51=MASTER!$B$132,AH51=MASTER!$B$133,AH51=MASTER!$B$134,AH51=MASTER!$B$135,AH51=MASTER!$B$136,AH51=MASTER!$B$137),(CONCATENATE(VLOOKUP(AH51,MASTER!$B:$J,9,0),AK51,"0X",AL51,"0X",VLOOKUP(Table5[[#This Row],[VARIETY ]],MASTER!$B:$K,10,0))),"") | AS51: =IFERROR(VLOOKUP(AR51,'ALL NEW ITEM '!$E:$F,2,0)*Q51,"") | AT51: =IF(OR(AH51=MASTER!$B$2,AH51=MASTER!$B$3,AH51=MASTER!$B$4,AH51=MASTER!$B$5,AH51=MASTER!$B$6,AH51=MASTER!$B$2,AH51=MASTER!$B$132,AH51=MASTER!$B$135,AH51=MASTER!$B$136,AH51=MASTER!$B$137),(CONCATENATE(VLOOKUP(AH51,MASTER!$B:$J,9,0),AK51,"0X",AL51,"0X",VLOOKUP(Table5[[#This Row],[VARIETY ]],MASTER!$B:$L,11,0))),"") | AU51: =IFERROR(VLOOKUP(Table611[[#This Row],[TOPFOAM/REBOUND14]],'ALL NEW ITEM '!$E:$F,2,0)*Q51,"")
B75: =+'STEP-1'!AA15

Sheet MANUAL MR PIVOT
A3: Sum of QTY
A4: FOAM HEIGHT | B4: item code | C4: Total
C5: 20
A6: (blank) | B6: (blank) | C6: 60
A7: 135MM | B7: 32D-HARD-FOAM-74.5X135MMX70MM | C7: 20
B8: 32D-HARD-FOAM-54X135MMX70MM | C8: 20
A9: Grand Total | C9: 120

Sheet MANUAL MR
A1: S.NO | B1: item code | C1: QTY | D1: T1 | E1: FOAM HEIGHT | F1: FOAM SIZE
A2: 1 | B2: =+Table6[[#This Row],[LENGTHSIZE]] -> 32D-HARD-FOAM-74.5X135MMX70MM | C2: =+Table6[[#This Row],[QTY]] -> 100 | D2: =RIGHT(B2,10) -> 135MMX70MM | E2: =LEFT(D2,5) -> 135MM | F2: =RIGHT(D2,4) -> 70MM
A3: 1 | B3: =+'STEP-1'!AA2 -> 32D-HARD-FOAM-54X135MMX70MM | C3: =+'STEP-1'!AB2 -> 100 | D3: =RIGHT(B3,10) -> 135MMX70MM | E3: =LEFT(D3,5) -> 135MM | F3: =RIGHT(D3,4) -> 70MM
A4: 1 | B4: =+'STEP-1'!AC2 | C4: =+'STEP-1'!AD2 -> 50 | D4: =RIGHT(B4,10) | E4: =LEFT(D4,5) | F4: =RIGHT(D4,4)
A5: 1 | B5: =+'STEP-1'!AE2 | C5: =+'STEP-1'!AF2 -> 50 | D5: =RIGHT(B5,10) | E5: =LEFT(D5,5) | F5: =RIGHT(D5,4)
A6: 2 | B6: =+'STEP-1'!Y3 -> 32D-HARD-FOAM-77.5X135MMX70MM | C6: =+'STEP-1'!Z3 -> 100 | D6: =RIGHT(B6,10) -> 135MMX70MM | E6: =LEFT(D6,5) -> 135MM | F6: =RIGHT(D6,4) -> 70MM
A7: 2 | B7: =+'STEP-1'!AA3 -> 32D-HARD-FOAM-54X135MMX70MM | C7: =+'STEP-1'!AB3 -> 100 | D7: =RIGHT(B7,10) -> 135MMX70MM | E7: =LEFT(D7,5) -> 135MM | F7: =RIGHT(D7,4) -> 70MM
A8: 2 | B8: =+'STEP-1'!AC3 | C8: =+'STEP-1'!AD3 -> 50 | D8: =RIGHT(B8,10) | E8: =LEFT(D8,5) | F8: =RIGHT(D8,4)
A9: 2 | B9: =+'STEP-1'!AE3 | C9: =+'STEP-1'!AF3 -> 50 | D9: =RIGHT(B9,10) | E9: =LEFT(D9,5) | F9: =RIGHT(D9,4)
A10: 3 | B10: =+'STEP-1'!Y4 | C10: =+'STEP-1'!Z4 -> 0 | D10: =RIGHT(B10,10) | E10: =LEFT(D10,5) | F10: =RIGHT(D10,4)
A11: 3 | B11: =+'STEP-1'!AA4 | C11: =+'STEP-1'!AB4 -> 0 | D11: =RIGHT(B11,10) | E11: =LEFT(D11,5) | F11: =RIGHT(D11,4)
A12: 3 | B12: =+'STEP-1'!AC4 | C12: =+'STEP-1'!AD4 -> 0 | D12: =RIGHT(B12,10) | E12: =LEFT(D12,5) | F12: =RIGHT(D12,4)
A13: 3 | B13: =+'STEP-1'!AE4 | C13: =+'STEP-1'!AF4 -> 0 | D13: =RIGHT(B13,10) | E13: =LEFT(D13,5) | F13: =RIGHT(D13,4)
A14: 4 | B14: =+'STEP-1'!Y5 | C14: =+'STEP-1'!Z5 -> 0 | D14: =RIGHT(B14,10) | E14: =LEFT(D14,5) | F14: =RIGHT(D14,4)
A15: 4 | B15: =+'STEP-1'!AA5 | C15: =+'STEP-1'!AB5 -> 0 | D15: =RIGHT(B15,10) | E15: =LEFT(D15,5) | F15: =RIGHT(D15,4)
A16: 4 | B16: =+'STEP-1'!AC5 | C16: =+'STEP-1'!AD5 -> 0 | D16: =RIGHT(B16,10) | E16: =LEFT(D16,5) | F16: =RIGHT(D16,4)
A17: 4 | B17: =+'STEP-1'!AE5 | C17: =+'STEP-1'!AF5 -> 0 | D17: =RIGHT(B17,10) | E17: =LEFT(D17,5) | F17: =RIGHT(D17,4)
A18: 5 | B18: =+'STEP-1'!Y6 | C18: =+'STEP-1'!Z6 -> 0 | D18: =RIGHT(B18,10) | E18: =LEFT(D18,5) | F18: =RIGHT(D18,4)
A19: 5 | B19: =+'STEP-1'!AA6 | C19: =+'STEP-1'!AB6 -> 0 | D19: =RIGHT(B19,10) | E19: =LEFT(D19,5) | F19: =RIGHT(D19,4)
A20: 5 | B20: =+'STEP-1'!AC6 | C20: =+'STEP-1'!AD6 -> 0 | D20: =RIGHT(B20,10) | E20: =LEFT(D20,5) | F20: =RIGHT(D20,4)
A21: 5 | B21: =+'STEP-1'!AE6 | C21: =+'STEP-1'!AF6 -> 0 | D21: =RIGHT(B21,10) | E21: =LEFT(D21,5) | F21: =RIGHT(D21,4)
A22: 6 | B22: =+'STEP-1'!Y7 | C22: =+'STEP-1'!Z7 -> 0 | D22: =RIGHT(B22,10) | E22: =LEFT(D22,5) | F22: =RIGHT(D22,4)
A23: 6 | B23: =+'STEP-1'!AA7 | C23: =+'STEP-1'!AB7 -> 0 | D23: =RIGHT(B23,10) | E23: =LEFT(D23,5) | F23: =RIGHT(D23,4)
A24: 6 | B24: =+'STEP-1'!AC7 | C24: =+'STEP-1'!AD7 -> 0 | D24: =RIGHT(B24,10) | E24: =LEFT(D24,5) | F24: =RIGHT(D24,4)
A25: 6 | B25: =+'STEP-1'!AE7 | C25: =+'STEP-1'!AF7 -> 0 | D25: =RIGHT(B25,10) | E25: =LEFT(D25,5) | F25: =RIGHT(D25,4)
A26: 7 | B26: =+'STEP-1'!Y8 | C26: =+'STEP-1'!Z8 -> 0 | D26: =RIGHT(B26,10) | E26: =LEFT(D26,5) | F26: =RIGHT(D26,4)
A27: 7 | B27: =+'STEP-1'!AA8 | C27: =+'STEP-1'!AB8 -> 0 | D27: =RIGHT(B27,10) | E27: =LEFT(D27,5) | F27: =RIGHT(D27,4)
A28: 7 | B28: =+'STEP-1'!AC8 | C28: =+'STEP-1'!AD8 -> 0 | D28: =RIGHT(B28,10) | E28: =LEFT(D28,5) | F28: =RIGHT(D28,4)
A29: 7 | B29: =+'STEP-1'!AE8 | C29: =+'STEP-1'!AF8 -> 0 | D29: =RIGHT(B29,10) | E29: =LEFT(D29,5) | F29: =RIGHT(D29,4)
A30: 8 | B30: =+'STEP-1'!Y9 | C30: =+'STEP-1'!Z9 -> 0 | D30: =RIGHT(B30,10) | E30: =LEFT(D30,5) | F30: =RIGHT(D30,4)
A31: 8 | B31: =+'STEP-1'!AA9 | C31: =+'STEP-1'!AB9 -> 0 | D31: =RIGHT(B31,10) | E31: =LEFT(D31,5) | F31: =RIGHT(D31,4)
A32: 8 | B32: =+'STEP-1'!AC9 | C32: =+'STEP-1'!AD9 -> 0 | D32: =RIGHT(B32,10) | E32: =LEFT(D32,5) | F32: =RIGHT(D32,4)
A33: 8 | B33: =+'STEP-1'!AE9 | C33: =+'STEP-1'!AF9 -> 0 | D33: =RIGHT(B33,10) | E33: =LEFT(D33,5) | F33: =RIGHT(D33,4)
A34: 9 | B34: =+'STEP-1'!Y10 | C34: =+'STEP-1'!Z10 -> 0 | D34: =RIGHT(B34,10) | E34: =LEFT(D34,5) | F34: =RIGHT(D34,4)
A35: 9 | B35: =+'STEP-1'!AA10 | C35: =+'STEP-1'!AB10 -> 0 | D35: =RIGHT(B35,10) | E35: =LEFT(D35,5) | F35: =RIGHT(D35,4)
A36: 9 | B36: =+'STEP-1'!AC10 | C36: =+'STEP-1'!AD10 -> 0 | D36: =RIGHT(B36,10) | E36: =LEFT(D36,5) | F36: =RIGHT(D36,4)
A37: 9 | B37: =+'STEP-1'!AE10 | C37: =+'STEP-1'!AF10 -> 0 | D37: =RIGHT(B37,10) | E37: =LEFT(D37,5) | F37: =RIGHT(D37,4)
A38: 10 | B38: =+'STEP-1'!Y11 | C38: =+'STEP-1'!Z11 -> 0 | D38: =RIGHT(B38,10) | E38: =LEFT(D38,5) | F38: =RIGHT(D38,4)
A39: 10 | B39: =+'STEP-1'!AA11 | C39: =+'STEP-1'!AB11 -> 0 | D39: =RIGHT(B39,10) | E39: =LEFT(D39,5) | F39: =RIGHT(D39,4)
A40: 10 | B40: =+'STEP-1'!AC11 | C40: =+'STEP-1'!AD11 -> 0 | D40: =RIGHT(B40,10) | E40: =LEFT(D40,5) | F40: =RIGHT(D40,4)
A41: 10 | B41: =+'STEP-1'!AE11 | C41: =+'STEP-1'!AF11 -> 0 | D41: =RIGHT(B41,10) | E41: =LEFT(D41,5) | F41: =RIGHT(D41,4)
A42: 11 | B42: =+'STEP-1'!Y12 | C42: =+'STEP-1'!Z12 -> 0 | D42: =RIGHT(B42,10) | E42: =LEFT(D42,5) | F42: =RIGHT(D42,4)
A43: 11 | B43: =+'STEP-1'!AA12 | C43: =+'STEP-1'!AB12 -> 0 | D43: =RIGHT(B43,10) | E43: =LEFT(D43,5) | F43: =RIGHT(D43,4)
A44: 11 | B44: =+'STEP-1'!AC12 | C44: =+'STEP-1'!AD12 -> 0 | D44: =RIGHT(B44,10) | E44: =LEFT(D44,5) | F44: =RIGHT(D44,4)
A45: 11 | B45: =+'STEP-1'!AE12 | C45: =+'STEP-1'!AF12 -> 0 | D45: =RIGHT(B45,10) | E45: =LEFT(D45,5) | F45: =RIGHT(D45,4)
A46: 12 | B46: =+'STEP-1'!Y13 | C46: =+'STEP-1'!Z13 -> 0 | D46: =RIGHT(B46,10) | E46: =LEFT(D46,5) | F46: =RIGHT(D46,4)
A47: 12 | B47: =+'STEP-1'!AA13 | C47: =+'STEP-1'!AB13 -> 0 | D47: =RIGHT(B47,10) | E47: =LEFT(D47,5) | F47: =RIGHT(D47,4)
A48: 12 | B48: =+'STEP-1'!AC13 | C48: =+'STEP-1'!AD13 -> 0 | D48: =RIGHT(B48,10) | E48: =LEFT(D48,5) | F48: =RIGHT(D48,4)
A49: 12 | B49: =+'STEP-1'!AE13 | C49: =+'STEP-1'!AF13 -> 0 | D49: =RIGHT(B49,10) | E49: =LEFT(D49,5) | F49: =RIGHT(D49,4)
A50: 13 | B50: =+'STEP-1'!Y14 | C50: =+'STEP-1'!Z14 -> 0 | D50: =RIGHT(B50,10) | E50: =LEFT(D50,5) | F50: =RIGHT(D50,4)
A51: 13 | B51: =+'STEP-1'!AA14 | C51: =+'STEP-1'!AB14 -> 0 | D51: =RIGHT(B51,10) | E51: =LEFT(D51,5) | F51: =RIGHT(D51,4)
A52: 13 | B52: =+'STEP-1'!AC14 | C52: =+'STEP-1'!AD14 -> 0 | D52: =RIGHT(B52,10) | E52: =LEFT(D52,5) | F52: =RIGHT(D52,4)
A53: 13 | B53: =+'STEP-1'!AE14 | C53: =+'STEP-1'!AF14 -> 0 | D53: =RIGHT(B53,10) | E53: =LEFT(D53,5) | F53: =RIGHT(D53,4)
A54: 14 | B54: =+'STEP-1'!Y15 | C54: =+'STEP-1'!Z15 -> 0 | D54: =RIGHT(B54,10) | E54: =LEFT(D54,5) | F54: =RIGHT(D54,4)
A55: 14 | B55: =+'STEP-1'!AA15 | C55: =+'STEP-1'!AB15 -> 0 | D55: =RIGHT(B55,10) | E55: =LEFT(D55,5) | F55: =RIGHT(D55,4)
A56: 14 | B56: =+'STEP-1'!AC15 | C56: =+'STEP-1'!AD15 -> 0 | D56: =RIGHT(B56,10) | E56: =LEFT(D56,5) | F56: =RIGHT(D56,4)
A57: 14 | B57: =+'STEP-1'!AE15 | C57: =+'STEP-1'!AF15 -> 0 | D57: =RIGHT(B57,10) | E57: =LEFT(D57,5) | F57: =RIGHT(D57,4)
A58: 15 | B58: =+'STEP-1'!Y16 | C58: =+'STEP-1'!Z16 -> 0 | D58: =RIGHT(B58,10) | E58: =LEFT(D58,5) | F58: =RIGHT(D58,4)
A59: 15 | B59: =+'STEP-1'!AA16 | C59: =+'STEP-1'!AB16 -> 0 | D59: =RIGHT(B59,10) | E59: =LEFT(D59,5) | F59: =RIGHT(D59,4)
A60: 15 | B60: =+'STEP-1'!AC16 | C60: =+'STEP-1'!AD16 -> 0 | D60: =RIGHT(B60,10) | E60: =LEFT(D60,5) | F60: =RIGHT(D60,4)
A61: 15 | B61: =+'STEP-1'!AE16 | C61: =+'STEP-1'!AF16 -> 0 | D61: =RIGHT(B61,10) | E61: =LEFT(D61,5) | F61: =RIGHT(D61,4)
A62: 16 | B62: =+'STEP-1'!Y17 | C62: =+'STEP-1'!Z17 -> 0 | D62: =RIGHT(B62,10) | E62: =LEFT(D62,5) | F62: =RIGHT(D62,4)
A63: 16 | B63: =+'STEP-1'!AA17 | C63: =+'STEP-1'!AB17 -> 0 | D63: =RIGHT(B63,10) | E63: =LEFT(D63,5) | F63: =RIGHT(D63,4)
A64: 16 | B64: =+'STEP-1'!AC17 | C64: =+'STEP-1'!AD17 -> 0 | D64: =RIGHT(B64,10) | E64: =LEFT(D64,5) | F64: =RIGHT(D64,4)
A65: 16 | B65: =+'STEP-1'!AE17 | C65: =+'STEP-1'!AF17 -> 0 | D65: =RIGHT(B65,10) | E65: =LEFT(D65,5) | F65: =RIGHT(D65,4)
A66: 17 | B66: =+'STEP-1'!Y18 | C66: =+'STEP-1'!Z18 -> 0 | D66: =RIGHT(B66,10) | E66: =LEFT(D66,5) | F66: =RIGHT(D66,4)
A67: 17 | B67: =+'STEP-1'!AA18 | C67: =+'STEP-1'!AB18 -> 0 | D67: =RIGHT(B67,10) | E67: =LEFT(D67,5) | F67: =RIGHT(D67,4)
A68: 17 | B68: =+'STEP-1'!AC18 | C68: =+'STEP-1'!AD18 -> 0 | D68: =RIGHT(B68,10) | E68: =LEFT(D68,5) | F68: =RIGHT(D68,4)
A69: 17 | B69: =+'STEP-1'!AE18 | C69: =+'STEP-1'!AF18 -> 0 | D69: =RIGHT(B69,10) | E69: =LEFT(D69,5) | F69: =RIGHT(D69,4)
A70: 18 | B70: =+'STEP-1'!Y19 | C70: =+'STEP-1'!Z19 -> 0 | D70: =RIGHT(B70,10) | E70: =LEFT(D70,5) | F70: =RIGHT(D70,4)
A71: 18 | B71: =+'STEP-1'!AA19 | C71: =+'STEP-1'!AB19 -> 0 | D71: =RIGHT(B71,10) | E71: =LEFT(D71,5) | F71: =RIGHT(D71,4)
A72: 18 | B72: =+'STEP-1'!AC19 | C72: =+'STEP-1'!AD19 -> 0 | D72: =RIGHT(B72,10) | E72: =LEFT(D72,5) | F72: =RIGHT(D72,4)
A73: 18 | B73: =+'STEP-1'!AE19 | C73: =+'STEP-1'!AF19 -> 0 | D73: =RIGHT(B73,10) | E73: =LEFT(D73,5) | F73: =RIGHT(D73,4)
A74: 19 | B74: =+'STEP-1'!Y20 | C74: =+'STEP-1'!Z20 -> 0 | D74: =RIGHT(B74,10) | E74: =LEFT(D74,5) | F74: =RIGHT(D74,4)
A75: 19 | B75: =+'STEP-1'!AA20 | C75: =+'STEP-1'!AB20 -> 0 | D75: =RIGHT(B75,10) | E75: =LEFT(D75,5) | F75: =RIGHT(D75,4)
A76: 19 | B76: =+'STEP-1'!AC20 | C76: =+'STEP-1'!AD20 -> 0 | D76: =RIGHT(B76,10) | E76: =LEFT(D76,5) | F76: =RIGHT(D76,4)
A77: 19 | B77: =+'STEP-1'!AE20 | C77: =+'STEP-1'!AF20 -> 0 | D77: =RIGHT(B77,10) | E77: =LEFT(D77,5) | F77: =RIGHT(D77,4)
A78: 20 | B78: =+'STEP-1'!Y21 | C78: =+'STEP-1'!Z21 -> 0 | D78: =RIGHT(B78,10) | E78: =LEFT(D78,5) | F78: =RIGHT(D78,4)
A79: 20 | B79: =+'STEP-1'!AA21 | C79: =+'STEP-1'!AB21 -> 0 | D79: =RIGHT(B79,10) | E79: =LEFT(D79,5) | F79: =RIGHT(D79,4)
A80: 20 | B80: =+'STEP-1'!AC21 | C80: =+'STEP-1'!AD21 -> 0 | D80: =RIGHT(B80,10) | E80: =LEFT(D80,5) | F80: =RIGHT(D80,4)
A81: 20 | B81: =+'STEP-1'!AE21 | C81: =+'STEP-1'!AF21 -> 0 | D81: =RIGHT(B81,10) | E81: =LEFT(D81,5) | F81: =RIGHT(D81,4)
A82: 21 | B82: =+'STEP-1'!Y22 | C82: =+'STEP-1'!Z22 -> 0 | D82: =RIGHT(B82,10) | E82: =LEFT(D82,5) | F82: =RIGHT(D82,4)
A83: 21 | B83: =+'STEP-1'!AA22 | C83: =+'STEP-1'!AB22 -> 0 | D83: =RIGHT(B83,10) | E83: =LEFT(D83,5) | F83: =RIGHT(D83,4)
A84: 21 | B84: =+'STEP-1'!AC22 | C84: =+'STEP-1'!AD22 -> 0 | D84: =RIGHT(B84,10) | E84: =LEFT(D84,5) | F84: =RIGHT(D84,4)
A85: 21 | B85: =+'STEP-1'!AE22 | C85: =+'STEP-1'!AF22 -> 0 | D85: =RIGHT(B85,10) | E85: =LEFT(D85,5) | F85: =RIGHT(D85,4)
A86: 22 | B86: =+'STEP-1'!Y23 | C86: =+'STEP-1'!Z23 -> 0 | D86: =RIGHT(B86,10) | E86: =LEFT(D86,5) | F86: =RIGHT(D86,4)
A87: 22 | B87: =+'STEP-1'!AA23 | C87: =+'STEP-1'!AB23 -> 0 | D87: =RIGHT(B87,10) | E87: =LEFT(D87,5) | F87: =RIGHT(D87,4)
A88: 22 | B88: =+'STEP-1'!AC23 | C88: =+'STEP-1'!AD23 -> 0 | D88: =RIGHT(B88,10) | E88: =LEFT(D88,5) | F88: =RIGHT(D88,4)
A89: 22 | B89: =+'STEP-1'!AE23 | C89: =+'STEP-1'!AF23 -> 0 | D89: =RIGHT(B89,10) | E89: =LEFT(D89,5) | F89: =RIGHT(D89,4)
A90: 23 | B90: =+'STEP-1'!Y24 | C90: =+'STEP-1'!Z24 -> 0 | D90: =RIGHT(B90,10) | E90: =LEFT(D90,5) | F90: =RIGHT(D90,4)
A91: 23 | B91: =+'STEP-1'!AA24 | C91: =+'STEP-1'!AB24 -> 0 | D91: =RIGHT(B91,10) | E91: =LEFT(D91,5) | F91: =RIGHT(D91,4)
A92: 23 | B92: =+'STEP-1'!AC24 | C92: =+'STEP-1'!AD24 -> 0 | D92: =RIGHT(B92,10) | E92: =LEFT(D92,5) | F92: =RIGHT(D92,4)
A93: 23 | B93: =+'STEP-1'!AE24 | C93: =+'STEP-1'!AF24 -> 0 | D93: =RIGHT(B93,10) | E93: =LEFT(D93,5) | F93: =RIGHT(D93,4)
A94: 24 | B94: =+'STEP-1'!Y25 | C94: =+'STEP-1'!Z25 -> 0 | D94: =RIGHT(B94,10) | E94: =LEFT(D94,5) | F94: =RIGHT(D94,4)
A95: 24 | B95: =+'STEP-1'!AA25 | C95: =+'STEP-1'!AB25 -> 0 | D95: =RIGHT(B95,10) | E95: =LEFT(D95,5) | F95: =RIGHT(D95,4)
A96: 24 | B96: =+'STEP-1'!AC25 | C96: =+'STEP-1'!AD25 -> 0 | D96: =RIGHT(B96,10) | E96: =LEFT(D96,5) | F96: =RIGHT(D96,4)
A97: 24 | B97: =+'STEP-1'!AE25 | C97: =+'STEP-1'!AF25 -> 0 | D97: =RIGHT(B97,10) | E97: =LEFT(D97,5) | F97: =RIGHT(D97,4)
A98: 25 | B98: =+'STEP-1'!Y26 | C98: =+'STEP-1'!Z26 -> 0 | D98: =RIGHT(B98,10) | E98: =LEFT(D98,5) | F98: =RIGHT(D98,4)
A99: 25 | B99: =+'STEP-1'!AA26 | C99: =+'STEP-1'!AB26 -> 0 | D99: =RIGHT(B99,10) | E99: =LEFT(D99,5) | F99: =RIGHT(D99,4)
A100: 25 | B100: =+'STEP-1'!AC26 | C100: =+'STEP-1'!AD26 -> 0 | D100: =RIGHT(B100,10) | E100: =LEFT(D100,5) | F100: =RIGHT(D100,4)
...

Sheet Sheet6
A3: Row Labels | B3: Sum of CC
A4: 18D-PU-FOAM-77.50X59.50X10MM | B4: 0.535
A5: 32D-HARD-FOAM-32.50X135MMX40MM | B5: 0.286
A6: 32D-HARD-FOAM-32.50X175MMX40MM | B6: 0.37
A7: 32D-HARD-FOAM-42X135MMX70MM | B7: 1.938
A8: 32D-HARD-FOAM-54X115MMX70MM | B8: 2.118
A9: 32D-HARD-FOAM-54X135MMX70MM | B9: 12.45
A10: 32D-HARD-FOAM-54X155MMX70MM | B10: 2.856
A11: 32D-HARD-FOAM-56.50X115MMX40MM | B11: 0.422
A12: 32D-HARD-FOAM-56.50X135MMX40MM | B12: 0.992
A13: 32D-HARD-FOAM-66X115MMX70MM | B13: 2.592
A14: 32D-HARD-FOAM-66X135MMX70MM | B14: 8.112
A15: 32D-HARD-FOAM-66X155MMX70MM | B15: 4.656
... A35: Grand Total | B35: 91.779

Sheet ERP MR PIVOT
A3: Row Labels | B3: Sum of QTY
B4: 0
A5: (blank) | B5: 199.7
A6: 32D-HARD-FOAM-77.50X135MMX70MM | B6: 59.5
A7: 32D-HARD-FOAM-54X135MMX70MM | B7: 83
A8: 32D-HARD-FOAM-74.50X135MMX70MM | B8: 57.2
A9: Grand Total | B9: 399.4

Sheet ERP MR
A1: S.NO | B1: ITEMCODE | C1: QTY
A2: 1 | B2: =+'STEP-1'!AN2 -> 32D-HARD-FOAM-74.50X135MMX70MM | C2: =+'STEP-1'!AO2 -> 57.2
A3: 1 | B3: =+'STEP-1'!AP2 -> 32D-HARD-FOAM-54X135MMX70MM | C3: =+'STEP-1'!AQ2 -> 41.5
A4: 1 | B4: =+'STEP-1'!AR2 | C4: =+'STEP-1'!AS2
A5: 1 | B5: =+'STEP-1'!AT2 | C5: =+'STEP-1'!AU2
A6: 2 | B6: =+'STEP-1'!AN3 -> 32D-HARD-FOAM-77.50X135MMX70MM | C6: =+'STEP-1'!AO3 -> 59.5
A7: 2 | B7: =+'STEP-1'!AP3 -> 32D-HARD-FOAM-54X135MMX70MM | C7: =+'STEP-1'!AQ3 -> 41.5
A8: 2 | B8: =+'STEP-1'!AR3 | C8: =+'STEP-1'!AS3
A9: 2 | B9: =+'STEP-1'!AT3 | C9: =+'STEP-1'!AU3
A10: 3 | B10: =+'STEP-1'!AN4 | C10: =+'STEP-1'!AO4
A11: 3 | B11: =+'STEP-1'!AP4 | C11: =+'STEP-1'!AQ4
A12: 3 | B12: =+'STEP-1'!AR4 | C12: =+'STEP-1'!AS4
A13: 3 | B13: =+'STEP-1'!AT4 | C13: =+'STEP-1'!AU4
A14: 4 | B14: =+'STEP-1'!AN5 | C14: =+'STEP-1'!AO5
A15: 4 | B15: =+'STEP-1'!AP5 | C15: =+'STEP-1'!AQ5
A16: 4 | B16: =+'STEP-1'!AR5 | C16: =+'STEP-1'!AS5
A17: 4 | B17: =+'STEP-1'!AT5 | C17: =+'STEP-1'!AU5
A18: 5 | B18: =+'STEP-1'!AN6 | C18: =+'STEP-1'!AO6
A19: 5 | B19: =+'STEP-1'!AP6 | C19: =+'STEP-1'!AQ6
A20: 5 | B20: =+'STEP-1'!AR6 | C20: =+'STEP-1'!AS6
A21: 5 | B21: =+'STEP-1'!AT6 | C21: =+'STEP-1'!AU6
A22: 6 | B22: =+'STEP-1'!AN7 | C22: =+'STEP-1'!AO7
A23: 6 | B23: =+'STEP-1'!AP7 | C23: =+'STEP-1'!AQ7
A24: 6 | B24: =+'STEP-1'!AR7 | C24: =+'STEP-1'!AS7
A25: 6 | B25: =+'STEP-1'!AT7 | C25: =+'STEP-1'!AU7
A26: 7 | B26: =+'STEP-1'!AN8 | C26: =+'STEP-1'!AO8
A27: 7 | B27: =+'STEP-1'!AP8 | C27: =+'STEP-1'!AQ8
