Workbook

Sheet BUNDLE STOCK 
A1: 1
A2: WIRE DIA=2.1 MM SPRING SIZE= 150MM MM RACK NO:1
A3: UPPER SIDE
A4: SNO | B4: WEIGHT | C4: SNO | D4: WEIGHT
A5: 1 | C5: 41
A6: 2 | C6: 42
A7: 3 | C7: 43
A8: 4 | C8: 44
A9: 5 | C9: 45
A10: 6 | C10: 46
A11: 7 | C11: 47
A12: 8 | C12: 48
A13: 9 | C13: 49
A14: 10 | C14: 50
A15: 11 | C15: 51
A16: 12 | C16: 52
... A44: 40 | C44: 80
A45: TOTAL | B45: =SUM(B5:B44) -> 0 | C45: TOTAL | D45: =SUM(D5:D44) -> 0
B46: TOTAL BUNDLES | D46: =COUNT(B5:B44)+COUNT(D5:D44) -> 0
B47: TOTAL WEIGHT | D47: =+D45+B45 -> 0
A48: 2
A49: WIRE DIA=2.2 MM SPRING SIZE= 160MM RACK NO:1
A50: LOWER SIDE
A51: SNO | B51: WEIGHT | C51: SNO | D51: WEIGHT
A52: 1 | C52: 41
A53: 2 | C53: 42
A54: 3 | C54: 43
A55: 4 | C55: 44
A56: 5 | C56: 45
A57: 6 | C57: 46
A58: 7 | C58: 47
A59: 8 | C59: 48
A60: 9 | C60: 49
A61: 10 | C61: 50
A62: 11 | C62: 51
A63: 12 | C63: 52
... A91: 40 | C91: 80
A92: TOTAL | B92: =SUM(B52:B91) -> 0 | C92: TOTAL | D92: =SUM(D52:D91) -> 0
B93: TOTAL BUNDLES | D93: =COUNT(B52:B91)+COUNT(D52:D91) -> 0
B94: TOTAL WEIGHT | D94: =+D92+B92 -> 0
A95: 3
A96: WIRE DIA=2.2 MM SPRING SIZE= 130MM RACK NO:2
A97: LOWER SIDE
A98: SNO | B98: WEIGHT | C98: SNO | D98: WEIGHT
A99: 1 | C99: 41
A100: 2 | C100: 42
A101: 3 | C101: 43
A102: 4 | C102: 44
A103: 5 | C103: 45
A104: 6 | C104: 46
A105: 7 | C105: 47
A106: 8 | C106: 48
A107: 9 | C107: 49
A108: 10 | C108: 50
A109: 11 | C109: 51
A110: 12 | C110: 52
... A138: 40 | C138: 80
A139: TOTAL | B139: =SUM(B99:B138) -> 0 | C139: TOTAL | D139: =SUM(D99:D138) -> 0
B140: TOTAL BUNDLES | D140: =COUNT(B99:B138)+COUNT(D99:D138) -> 0
B141: TOTAL WEIGHT | D141: =+D139+B139 -> 0
A142: 4
A143: WIRE DIA=2.2MM SPRING SIZE=170 MM RACK NO:5
A144: LOWER SIDE
A145: SNO | B145: WEIGHT | C145: SNO | D145: WEIGHT
A146: 1 | C146: 41
A147: 2 | C147: 42
A148: 3 | C148: 43
A149: 4 | C149: 44
A150: 5 | C150: 45
A151: 6 | C151: 46
A152: 7 | C152: 47
A153: 8 | C153: 48
A154: 9 | C154: 49
A155: 10 | C155: 50
A156: 11 | C156: 51
A157: 12 | C157: 52
... A185: 40 | C185: 80
A186: TOTAL | B186: =SUM(B146:B185) -> 0 | C186: TOTAL | D186: =SUM(D146:D185) -> 0
B187: TOTAL BUNDLES | D187: =COUNT(B146:B185)+COUNT(D146:D185) -> 0
B188: TOTAL WEIGHT | D188: =+D186+B186 -> 0
A189: 5
A190: WIRE DIA= 2.3 MM SPRING SIZE=150MM RACK NO:4
A191: UPPER SIDE
A192: SNO | B192: WEIGHT | C192: SNO | D192: WEIGHT
A193: 1 | C193: 41
A194: 2 | C194: 42
A195: 3 | C195: 43
A196: 4 | C196: 44
A197: 5 | C197: 45
A198: 6 | C198: 46
A199: 7 | C199: 47
A200: 8 | C200: 48
A201: 9 | C201: 49
A202: 10 | C202: 50
A203: 11 | C203: 51
A204: 12 | C204: 52
... A232: 40 | C232: 80
A233: TOTAL | B233: =SUM(B193:B232) -> 0 | C233: TOTAL | D233: =SUM(D193:D232) -> 0
B234: TOTAL BUNDLES | D234: =COUNT(B193:B232)+COUNT(D193:D232) -> 0
B235: TOTAL WEIGHT | D235: =+D233+B233 -> 0
...

Sheet ITEM CODE
A1: Item Code | B1: SPRING WEIGHT | C1: Item Variant Desc. | D1: Stock UOM | E1: STEEL | F1: TADE EDGE | G1: QUILTING | H1: HYPNOS | I1: TOTAL QTY
A2: PKSPR90-1.7MM | B2: 0.018 | C2: Semifinished Pocketed Springs 90 Steel Wire 1.7MM | D2: NOS
A3: PKSPR120-1.8MM-TNDR | C3: Semifinished Pocketed Springs 120 Steel Wire 1.8MM | D3: NOS
A4: PKSPR110-1.9MM | B4: 0.026 | C4: Semifinished Pocketed Springs 110 Steel Wire 1.9MM | D4: NOS
A5: PKSPR140-1.9MM | B5: 0.026 | C5: Semifinished Pocketed Springs 140 Steel Wire 1.9MM | D5: NOS
A6: PKSPR160-1.9MM | B6: 0.032 | C6: Semifinished Pocketed Springs 160 Steel Wire 1.9MM | D6: NOS
A7: PKSPR110-1.8MM | B7: 0.024 | C7: Semifinished Pocketed Springs 110 Steel Wire 1.8MM | D7: NOS
A8: PKSPR160-1.8MM | B8: 0.030 | C8: Semifinished Pocketed Springs 160 Steel Wire 1.8MM | D8: NOS
A9: PKSPR200-1.8MM | B9: 0.033 | C9: Semifinished Pocketed Springs 200 Steel Wire 1.8MM | D9: NOS
A10: BNSPR110 | B10: 0.029 | C10: Semi Finised Bonnel Springs 100 | D10: KGS
A11: BNSPR110-2.2MM | B11: 0.027 | C11: Semifinised Bonnell Springs 100 Steel wire 2.2mm | D11: KGS
A12: BNSPR130 | B12: 0.034 | C12: Semi Finised Bonnel Springs 130 | D12: KGS
A13: BNSPR130-2.2MM | B13: 0.033 | C13: Semifinised Bonnell Springs 130 Steel wire 2.2mm | D13: KGS
A14: BNSPR150 | B14: 0.0417 | C14: Semi Finised Bonnel Springs 150 | D14: KGS
A15: BNSPR150-2.2MM | B15: 0.038 | C15: Semifinised Bonnell Springs 150 Steel wire 2.2mm | D15: KGS
A16: BNSPR170 | B16: 0.038 | C16: Semifinised Bonnell Springs 160 Steel wire 2.2mm | D16: KGS
A17: BNSPR170-2.2MM | B17: 0.038 | C17: Semifinised Bonnell Springs 180 Steel wire 2.2mm | D17: KGS
A18: BNSPR90 | B18: 0.0294 | C18: Semi Finised Bonnel Springs 90 | D18: KGS

Sheet OVERALL
A1: BUNDLE CLOSING STOCK DEC-2025
A2: S.NO | B2: RACK.NO | C2: SIDE | D2: ITEM CODE | E2: NO.OF BUNDLE | F2: WEIGHT
A3: 1 | E3: =+'BUNDLE STOCK '!D46 -> 0 | F3: =+'BUNDLE STOCK '!D47 -> 0
A4: 2 | E4: =+'BUNDLE STOCK '!D93 -> 0 | F4: =+'BUNDLE STOCK '!D94 -> 0
A5: 3 | E5: =+'BUNDLE STOCK '!D140 -> 0 | F5: =+'BUNDLE STOCK '!D141 -> 0
A6: 4 | E6: =+'BUNDLE STOCK '!D187 -> 0 | F6: =+'BUNDLE STOCK '!D188 -> 0
A7: 5 | E7: =+'BUNDLE STOCK '!D234 -> 0 | F7: =+'BUNDLE STOCK '!D235 -> 0
A8: 6 | E8: =+'BUNDLE STOCK '!D281 -> 0 | F8: =+'BUNDLE STOCK '!D282 -> 0
A9: 7 | E9: =+'BUNDLE STOCK '!D328 -> 0 | F9: =+'BUNDLE STOCK '!D329 -> 0
A10: 8 | E10: =+'BUNDLE STOCK '!D375 -> 0 | F10: =+'BUNDLE STOCK '!D376 -> 0
A11: 9 | E11: =+'BUNDLE STOCK '!D422 -> 0 | F11: =+'BUNDLE STOCK '!D423 -> 0
A12: 10 | E12: =+'BUNDLE STOCK '!D469 -> 0 | F12: =+'BUNDLE STOCK '!D470 -> 0
A13: 11 | E13: =+'BUNDLE STOCK '!D516 -> 0 | F13: =+'BUNDLE STOCK '!D517 -> 0
A14: 12 | E14: =+'BUNDLE STOCK '!D563 -> 0 | F14: =+'BUNDLE STOCK '!D564 -> 0
A15: 13 | E15: =+'BUNDLE STOCK '!D610 -> 0 | F15: =+'BUNDLE STOCK '!D611 -> 0
A16: 14 | E16: =+'BUNDLE STOCK '!D657 -> 0 | F16: =+'BUNDLE STOCK '!D658 -> 0
A17: 15 | E17: =+'BUNDLE STOCK '!D703 -> 0 | F17: =+'BUNDLE STOCK '!D704 -> 0
A18: 16 | E18: =+'BUNDLE STOCK '!D749 -> 0 | F18: =+'BUNDLE STOCK '!D750 -> 0
A19: 17 | E19: =+'BUNDLE STOCK '!D795 -> 0 | F19: =+'BUNDLE STOCK '!D796 -> 0
A20: 18 | E20: =+'BUNDLE STOCK '!D841 -> 0 | F20: =+'BUNDLE STOCK '!D842 -> 0
A21: 19 | E21: =+'BUNDLE STOCK '!D895 -> 0 | F21: =+'BUNDLE STOCK '!D896 -> 0
A22: 20 | E22: =+'BUNDLE STOCK '!D949 -> 0 | F22: =+'BUNDLE STOCK '!D950 -> 0
D23: TOTAL | E23: =SUBTOTAL(109,E3:E22) -> 0 | F23: =SUBTOTAL(109,F3:F22) -> 0

Sheet SPRING
B2: PKSPR110-1.8MM | C2: PKSPR110-1.8MM-GRN | D2: PKSPR130-1.8MM | E2: PKSPR150-1.8MM-GRN | F2: PKSPR170-1.8MM | G2: PKSPR80-1.8MM
B44: =SUM(B3:B43) -> 0 | D44: =SUM(D3:D43) -> 0 | G44: =SUM(G3:G43) -> 0

Sheet SPRING COUNT
A1: Item Code | B1: SPRING WEIGHT | C1: TOTAL WEIGHT
A2: PKSPR110-1.8MM
A3: PKSPR110-1.8MM-GRN
A4: PKSPR130-1.8MM
A5: PKSPR150-1.8MM-GRN
A6: PKSPR170-1.8MM
A7: PKSPR80-1.8MM

Sheet SPRING WEIGHT
A1: PER SPRING WEIGHT (BONNELL) | E1: PER SPRING WEIGHT (POCKETED)
A2: SIZE OF SPRING | C2: WEIGHT OF SPRING | E2: SIZE OF SPRING | G2: WEIGHT OF SPRING+NON WOVEN | I2: spring weight | J2: total spring weight | K2: no.of spring | L2: spring size
A3: 2.3(THICK) | B3: 100 MM | C3: 0.029 GMS | E3: 1.9 MM(THICK) | F3: 110 MM | G3: 0.023 GMS | H3: 0.003 GMS(NWN) | I3: =0.023+0.003 -> 0.026 | K3: =+J3/I3 -> 0 | L3: 110
B4: 130 MM | C4: 0.036 GMS | F4: 140 MM | G4: 0.025 GMS | H4: 0.003 GMS(NWN) | I4: =0.025+0.003 -> 0.028 | K4: =+J4/I4 -> 0 | L4: 140
B5: 150 MM | C5: 0.042 GMS | F5: 160 MM | G5: 0.028 GMS | H5: 0.005 GMS(NWN) | I5: =0.028+0.005 -> 0.033 | K5: =+J5/I5 -> 0
A6: 2.2(THICK) | B6: 100 MM | C6: 0.027 GMS | E6: 1.8 MM(THICK) | F6: 110MM | G6: 0.021 GMS | H6: 0.003 GMS(NWN) | I6: =0.021+0.003 -> 0.024 | K6: =+J6/I6 -> 0
B7: 130 MM | C7: 0.033 GMS | F7: 160 MM | G7: 0.026 GMS | H7: 0.005 GMS(NWN) | I7: =0.026+0.005 -> 0.031 | K7: =+J7/I7 -> 0 | L7: 160
B8: 150 MM | C8: 0.038 GMS | F8: 200 MM | G8: 0.028 GMS | H8: 0.005 GMS(NWN) | I8: =0.028+0.005 -> 0.033 | K8: =+J8/I8 -> 0 | L8: 200
B9: 160 MM | C9: 0.038 GMS
G13: =298+150 -> 448
